name,artist_1,artist_2,uri,duration_ms,danceability,energy,key,loudness,mode,speechiness,acousticness,instrumentalness,liveness,valence,tempo,words_lyrics
Walking Away,Craig David,,spotify:track:3R7fjB38qajI6JR69y5k4e,204867,0.596,0.686,9,-6.371,0,0.0345,0.196,0.0,0.121,0.815,172.835,"['mentioning', 'find', 'lie', 'thought', 'realize', 'live', 'sorry', 'im', 'oh', 'babe', 'powder', 'wrong', 'something', 'fun', 'wise', 'baby', 'guy', 'play', 'show', 'better', 'well', 'feel', 'get', 'yeah', 'turn', 'fight', 'trouble', 'driving', 'like', 'lady', 'thing', 'listen', 'game', 'day', 'saw', 'sometimes', 'cause', 'gonna', 'people', 'thats', 'girl', 'gon', 'truly', 'wanna', 'sleepless', 'away', 'said', 'compromise', 'run', 'eye', 'many', 'try', 'room', 'ive', 'done', 'spreading', 'night', 'whisper', 'say', 'tired', 'life', 'walking']"
Hotel California - 2013 Remaster,Eagles,,spotify:track:40riOy7x9W7GXjyGp4pjAv,391376,0.579,0.508,2,-9.484,1,0.027,0.00574,0.000494,0.0575,0.609,147.125,"['face', 'time', 'lovely', 'leave', 'still', 'any', 'doorway', 'heard', 'like', 'programmed', 'mirror', 'air', 'back', 'alibi', 'boy', 'please', 'bell', 'chamber', 'stab', 'away', 'ice', 'place', 'light', 'smell', 'hear', 'sight', 'cool', 'thinking', '1969', 'hotel', 'dance', 'tiffanytwisted', 'heavy', 'night', 'welcome', 'captain', 'shimmering', 'stood', 'mercedes', 'passage', 'find', 'plenty', 'wine', 'pink', 'sweat', 'got', 'door', 'colitas', 'lot', 'ceiling', 'year', 'knife', 'heaven', 'middle', 'steely', 'last', 'highway', 'thing', 'mind', 'man', 'showed', 'master', 'surprise', 'uh', 'room', 'here', 'bring', 'champagne', 'lit', 'such', 'dark', 'say', 'head', 'ahead', 'desert', 'this', 'wake', 'calling', 'device', 'stop', 'summer', 'dim', 'california', 'called', 'mission', 'said', 'call', 'sweet', 'distance', 'way', 'receive', 'remember', 'beast', 'gathered', 'prisoner', 'feast', 'pretty', 'benz', 'relax', 'thought', 'could', 'since', 'grew', 'check', 'far', 'kill', 'warm', 'cant', 'hair', 'never', 'nice', 'what', 'saw', 'courtyard', 'we', 'voice', 'rising', 'friend', 'wind', 'forget', 'spirit', 'hell', 'living', 'corridor', 'running', 'candle']"
I'm On Fire,Bruce Springsteen,,spotify:track:3PzsbWSQdLCKDLxn7YZfkM,155880,0.62,0.446,1,-14.451,0,0.0347,0.589,0.0299,0.0727,0.868,88.591,"['edgy', 'do', 'daddy', 'someone', 'cut', 'skull', 'oh', 'im', 'no', 'soakin', 'ooh', 'higher', 'got', 'wake', 'leave', 'valley', 'freight', 'runnin', 'sixinch', 'knife', 'wet', 'home', 'train', 'like', 'tell', 'middle', 'thing', 'sometimes', 'fire', 'you', 'take', 'girl', 'oohooh', 'away', 'dull', 'go', 'bad', 'took', 'good', 'cool', 'hey', 'alone', 'sheet', 'night', 'little', 'head', 'now', 'baby', 'desire', 'oohoohooh']"
D.A.N.C.E,Justice,,spotify:track:33yAEqzKXexYM3WlOYtTfQ,242267,0.613,0.962,6,-5.07,0,0.278,0.034,0.0,0.824,0.496,113.015,"['four', 'mystery', 'matter', 'one', 'make', 'ignite', 'working', 'white', 'whatever', 'get', 'three', 'fight', 'music', 'day', 'beat', 'happens', 'thats', 'always', 'neither', 'catching', 'easy', 'strong', 'light', 'way', 'ready', 'might', 'abc', 'dance', 'two', 'night', 'move', 'spotlight', 'right', 'pyt', 'stick', 'black']"
"White & Nerdy (Parody of ""Ridin'"" by Chamillionaire feat. Krayzie Bone)","""Weird Al"" Yankovic",,spotify:track:60R2v9lheAu3lwZwAFxMZK,170640,0.791,0.613,1,-11.628,0,0.0763,0.0986,0.0,0.0765,0.896,143.017,
Goliath,Smith & Thell,,spotify:track:0z4kyKuFGmUV7WQ7gB1sAp,204759,0.528,0.833,9,-6.19,1,0.0514,0.000414,1.23e-06,0.068,0.46,127.998,"['blue', 'time', 'riot', 'make', 'heart', 'strength', 'im', 'power', 'story', 'still', 'ill', 'anything', 'yeah', 'small', 'braid', 'rebel', 'found', 'trick', 'never', 'bout', 'giant', 'silent', 'beat', 'difference', 'world', 'broken', 'fire', 'listened', 'take', 'girl', 'turned', 'though', 'enough', 'brave', 'goliath', 'man', 'knowing', 'feeling', 'monster', 'way', 'parade', 'eye', 'hear', 'standing', 'took', 'song', 'hand', 'here', 'dance', 'alone', 'night', 'inside', 'stand', 'tick', 'cold', 'shouting', 'little', 'dark', 'looked', 'head', 'told', 'trembled', 'start', 'ear', 'riddle']"
L'Empordà,Sopa De Cabra,,spotify:track:1vzugDTXDgZCF0QQrzB5hX,159333,0.681,0.837,4,-8.907,1,0.041,0.0362,1.57e-06,0.0986,0.959,143.472,"['duna', 'que', 'anys', 'passar', 'ben', 'vell', 'sisset', 'tramuntana', 'somriu', 'tirava', 'ho', 'lalba', 'ter', 'estar', 'però', 'minteressa', 'encara', 'més', 'e', 'en', 'cosa', 'nascut', 'lala', 'al', 'deia', 'cap', 'migdia', 'pot', 'sento', 'aguantava', 'segur', 'dalt', 'linfern', 'mataria', 'mai', 'tocat', 'ampolles', 'demà', 'demàfins', 'ganes', 'fin', 'de', 'em', 'ell', 'per', 'molt', 'mespera', 'anar', 'la', 'cadaqués', 'veig', 'allà', 'quan', 'avui', 'blanes', 'sempre', 'mona', 'vora', 'dormint', 'sola', 'shi', 'pressa', 'bonic', 'lempordà', 'varen', 'del', 'matinada', 'entre', 'suïcidi', 'ningú', 'potser', 'anava', 'le', 'marxar', 'deixi', 'llum', 'diu', 'és', 'té', 'torrat']"
House of the Rising Sun,The Animals,,spotify:track:4mn2kNTqiGLwaUR8JdhJ1l,269907,0.316,0.484,9,-9.11,0,0.0308,0.000334,0.00445,0.0912,0.299,117.363,"['blue', 'time', 'one', 'going', 'im', 'oh', 'got', 'house', 'drunk', 'young', 'father', 'well', 'suitcase', 'tailor', 'chain', 'sewed', 'know', 'satisfied', 'train', 'need', 'tell', 'sun', 'thing', 'poor', 'jean', 'gamblin', 'back', 'rising', 'boy', 'gambler', 'he', 'man', 'sin', 'call', 'god', 'trunk', 'many', 'ball', 'new', 'ruin', 'foot', 'misery', 'mother', 'ive', 'done', 'platform', 'orleans', 'spend', 'child', 'life', 'wear']"
A Horse with No Name,America,George Martin,spotify:track:54eZmuggBFJbV7k248bTTt,252240,0.654,0.506,11,-17.18,0,0.0535,0.686,0.0155,0.155,0.831,123.179,"['sand', 'desert', 'full', 'underground', 'lie', 'bird', 'one', 'sound', 'heart', 'sky', 'sad', 'think', 'horse', 'give', 'city', 'fun', 'lala', 'story', 'rain', 'buzz', 'see', 'first', 'plant', 'cloud', 'turn', 'three', 'sea', 'thing', 'sun', 'cause', 'air', 'day', 'red', 'let', 'turned', 'heat', 'human', 'can’t', 'la', 'looking', 'fly', 'dry', 'aint', 'part', 'perfect', 'run', 'made', 'remember', 'river', 'dead', 'good', 'began', 'met', 'pain', 'bed', 'free', 'ocean', 'ground', 'name', 'ive', 'two', 'skin', 'flowed', 'nine', 'disguise', 'hot', 'journey', 'rock', 'told', 'love', 'felt', 'life', 'ring', 'hill']"
In The End,Stay Homas,,spotify:track:4PrYq1x0pv5WSMCiy6rp9o,141493,0.763,0.719,5,-5.862,1,0.0712,0.0865,0.0,0.0935,0.85,146.977,"['hermanas', 'favor', 'stay', 'end', 'playstations', 'going', 'me', 'situation', 'think', 'disney', 'really', 'used', 'por', 'drunk', 'i’ll', 'mi', 'despite', 'watching', 'get', 'drama', 'bushiness', 'too', 'know', 'like', 'best', 'plain', 'dad', 'travel', 'sun', 'hasn’t', 'what', 'day', 'bro', 'also', 'i’m', 'tv', 'shine', 'anyway', 'land', 'quiero', 'cousin', 'wanna', 'man', 'han', 'ver', 'apolo', 'go', 'friend', 'don’t', 'raining', 'marta', 'family', 'try', 'room', 'pyjama', 'catch', 'happy', 'loose', 'miss', 'solo', 'banana', 'say', 'sick', 'tired', 'mum', 'wear']"
Washington Square,Chinese Man,Bionic Man Sound,spotify:track:0phAx12SI8oWN1AmhyceSQ,250600,0.676,0.751,4,-6.985,0,0.0845,0.38,0.0,0.102,0.758,89.041,"['face', 'folk', 'sad', 'got', 'see', 'painted', 'kansa', 'mississip', 'greenwich', 'cape', 'meanin', 'sittin', 'out', 'said', 'place', 'light', 'way', 'francisco', 'go', 'talking', 'bay', 'hello', 'washington', 'village', 'famous', 'theyre', 'dust', 'square', 'cod', 'banjo', 'catchin', 'across', 'mo', 'goodbye', 'right', 'bust', 'san']"
America!,Bill Callahan,,spotify:track:0cfwv1fgLrFntNR9aUgY5I,333093,0.594,0.468,2,-11.39,0,0.0492,0.0128,0.121,0.0714,0.678,107.482,"['watch', 'tonight', 'leatherneck', 'everyones', 'bible', 'oh', 'past', 'iran', 'others', 'tense', 'pig', 'suckle', 'marine', 'vietnam', 'well', 'get', 'hard', 'newbury', 'sergeant', 'teat', 'never', 'buck', 'mention', 'air', 'knuckle', 'flight', 'hog', 'rouse', 'meat', 'around', 'enough', 'deep', 'letterman', 'afghanistan', 'belt', 'america', 'aint', 'lucky', 'wish', 'army', 'allowed', 'kristofferson', 'country', 'next', 'david', 'cash', 'care', 'native', 'jones', 'served', 'australia', 'captain', 'golden', 'grand', 'force', 'delta', 'americon', 'chaw']"
Moon,Kid Francescoli,,spotify:track:0Nc1rZEB2tZLgpxw5nkpEu,390639,0.663,0.658,2,-10.001,1,0.0345,0.295,0.867,0.102,0.0532,117.986,
Ophelia,The Lumineers,,spotify:track:5NORWMFC27ywGSZxi8uquP,160097,0.664,0.573,5,-6.519,1,0.0277,0.613,0.000363,0.0857,0.566,76.023,"['fall', 'since', 'oh', 'younger', 'past', 'wrote', 'got', 'blindness', 'see', 'better', 'honey', 'feel', 'cant', 'small', 'top', 'i', 'plan', 'heaven', 'like', 'whoo', 'girlfriend', 'big', 'known', 'back', 'flood', 'mind', 'thats', 'girl', 'he', 'ah', 'fool', 'ophelia', 'gotta', 'drug', 'new', 'paycheck', 'help', 'move', 'love', 'little', 'nothing', 'remorse']"
Sweet Wanomi,Bill Withers,,spotify:track:0vJ3Y2MnDXi4hpxSeQdQEC,152773,0.757,0.333,9,-11.706,1,0.0293,0.684,0.205,0.106,0.928,95.582,"['satin', 'willow', 'weepin', 'yawn', 'uhhuh', 'u', 'cover', 'warmer', 'warm', 'wake', 'kiss', 'sleepy', 'get', 'turn', 'must', 'fireplace', 'soft', 'keep', 'softly', 'cracklin', 'gleamin', 'reach', 'pillow', 'up', 'sweet', 'light', 'restin', 'eye', 'wind', 'dreamin', 'later', 'room', 'hand', 'much', 'whisperin', 'wanomi', 'arm', 'little', 'mouth', 'pretty']"
Take Me To Church,Hozier,,spotify:track:3dYD57lRAUcMHufyqn9GcI,241688,0.566,0.664,4,-5.303,0,0.0464,0.634,0.0,0.116,0.437,128.945,"['whole', 'time', 'im', 'sad', 'something', 'sacrifice', 'begin', 'getting', 'starving', 'ill', 'lover', 'scene', 'work', 'goddess', 'heard', 'like', 'tasty', 'ever', 'drain', 'side', 'ritual', 'high', 'demand', 'church', 'good', 'mouthpiece', 'look', 'clean', 'soil', 'love', 'lie', 'plenty', 'madness', 'deathless', 'oh', 'disapproval', 'got', 'true', 'lot', 'sunlight', 'knife', 'heaven', 'sea', 'last', 'everybodys', 'let', 'command', 'hungry', 'human', 'offer', 'absolute', 'master', 'sooner', 'shrine', 'gentle', 'dog', 'say', 'born', 'sent', 'shiny', 'bleak', 'sunday', 'week', 'amen', 'well', 'main', 'know', 'meaty', 'tell', 'fine', 'humor', 'sharpen', 'thats', 'sin', 'faithful', 'course', 'bedroom', 'worshipped', 'death', 'alone', 'poison', 'sick', 'pagan', 'king', 'aaa', 'fresh', 'give', 'horse', 'every', 'weve', 'get', 'innocence', 'we', 'keep', 'take', 'funeral', 'speak', 'looking', 'god', 'stable', 'earthly', 'sweeter', 'giggle', 'worship', 'life']"
Saturday Sun,Vance Joy,,spotify:track:2RiBogNRfulkNf7fVbPOrJ,214720,0.637,0.864,8,-4.381,1,0.0468,0.484,0.0,0.222,0.706,99.995,"['coastline', 'someone', 'cost', 'memory', 'oh', 'resting', 'im', 'felt', 'breeze', 'goin', 'line', 'softer', 'lost', 'first', 'whats', 'still', 'kiss', 'cant', 'get', 'sunlight', 'fit', 'hair', 'like', 'need', 'coast', 'sun', 'ask', 'let', 'ever', 'height', 'cause', 'drive', 'back', 'book', 'babbaba', 'readin', 'mind', 'put', 'eatin', 'west', 'strong', 'go', 'perfect', 'light', 'undone', 'baba', 'ray', 'lip', 'song', 'gotta', 'bed', 'met', 'long', 'saturday', 'alone', 'sleepin', 'ive', 'care', 'read', 'lookin', 'right', 'on', 'left', 'head', 'shoulder', 'tired']"
Get Lucky (feat. Pharrell Williams & Nile Rodgers) - Radio Edit,Daft Punk,Pharrell Williams,spotify:track:2Foc5Q5nqNiosCNqttzHof,248413,0.794,0.811,6,-8.966,0,0.038,0.0426,1.07e-06,0.101,0.862,116.047,"['légende', 'par', 'debout', 'profiter', 'ensemble', 'nouveau', 'ton', 'no', 'lever', 'soleil', 'tout', 'de', 'qui', 'en', 'alors', 'présent', 'cette', 'que', 'levons', 'suis', 'te', 'chose', 'soyons', 'pour', 'renoncer', 'nous', 'barre', 'na', 'ressens', 'elle', 'cadeau', 'soffrir', 'pa', 'funk', 'toute', 'ce', 'est', 'être', 'planète', 'chanceux', 'mettons', 'samuser', 'comme', 'quelle', 'rotation', 'loin', 'la', 'du', 'à', 'commencement', 'si', 'se', 'partir', 'somme', 'termine', 'rythme', 'étoiles', 'jusqu’au', 'le', 'continue', 'tu', 'haut', 'plus', 'verres', 'maintient', 'trop', 'jusquaux', 'veux', 'phénix', 'funky', 'nuit', 'force', 'et', 'je', 'allés']"
Seve - Radio Edit,Tez Cadey,,spotify:track:6UqRGwjwYL0stXbaodTxwo,210853,0.74,0.831,5,-7.321,1,0.0456,0.444,0.00304,0.0769,0.448,121.034,"['nasi', 'na', 'mfalme', 'vyote', 'vya', 'viumbe', 'mungu', 'wetu', 'mwimbe', 'ili', 'pazeni', 'sauti']"
Sober,Lorde,,spotify:track:7eElVgPcxDqmgGrSwVFI74,197236,0.796,0.467,6,-10.369,1,0.181,0.173,0.00411,0.126,0.516,107.901,"['time', 'weekend', 'im', 'gone', 'jack', 'were', 'pretend', 'story', 'but', 'liquourwet', 'like', 'acting', 'lime', 'air', 'kick', 'lose', 'nonchalant', 'high', 'lung', 'bbodies', 'clean', 'care', 'night', 'move', 'tie', 'sleeping', 'hip', 'fucked', 'jaded', 'oh', 'ribbon', 'me', 'u', 'used', 'ruse', 'feel', 'truth', 'dancing', 'fantasy', 'it', 'let', 'mind', 'around', 'go', 'sober', 'fever', 'rush', 'ahha', 'uh', 'heartache', 'that', 'missed', 'dark', 'can', 'morning', 'heart', 'fading', 'see', 'pill', 'played', 'treason', 'know', 'queen', 'game', 'closing', 'midnight', 'aint', 'to', 'wish', 'bet', 'alone', 'daylight', 'sway', 'king', 'possessive', 'astray', 'could', 'ooh', 'teeth', 'every', 'house', 'get', 'till', 'day', 'jill', 'danced', 'keep', 'when', 'feeling', 'god', 'ah', 'touch', 'dream', 'leaving', 'hey']"
Everybody Wants To Rule The World,Tears For Fears,,spotify:track:4RvWPyQ5RL0ao9LPZeSouE,251489,0.645,0.795,7,-12.095,1,0.0527,0.347,0.00389,0.104,0.535,112.067,"['tumbling', 'find', 'do', 'glad', 'make', 'one', 'indecision', 'nature', 'sad', 'lack', 'come', 'fade', 'vision', 'turning', 'ill', 'weve', 'pleasure', 'cant', 'turn', 'everybody', 'never', 'best', 'wall', 'need', 'last', 'it', 'acting', 'sleep', 'ever', 'forever', 'world', 'back', 'want', 'light', 'made', 'design', 'freedom', 'remorse', 'even', 'room', 'holding', 'hand', 'believe', 'there', 'decide', 'mother', 'headline', 'behaviour', 'help', 'behind', 'almost', 'stand', 'married', 'welcome', 'right', 'say', 'rule', 'nothing', 'life']"
Soy un pringao,Santiuve,,spotify:track:1FeCQhO1BNOHOuwEnz1rCd,180819,0.907,0.244,5,-9.178,1,0.292,0.958,4.25e-06,0.0981,0.824,139.84,
The Barrel,Aldous Harding,,spotify:track:3s71tbgmSN9TfJLj4D18Mt,299440,0.732,0.408,11,-8.475,1,0.036,0.747,0.000229,0.069,0.663,87.016,"['led', 'gettin', 'time', 'one', 'stay', 'wave', 'ferret', 'along', 'celebrate', 'im', 'me', 'braiding', 'shook', 'ivory', 'match', 'date', 'begin', 'getting', 'show', 'shell', 'feel', 'cant', 'braid', 'appear', 'know', 'never', 'wet', 'like', 'poet', 'dove', 'rushed', 'sleep', 'saw', 'arch', 'word', 'i’m', 'outside', 'side', 'maze', 'enough', 'hurt', 'want', 'page', 'hear', 'made', 'barrel', 'transient', 'dead', 'set', 'hand', 'peach', 'song', 'look', 'gentle', 'knew', 'mantle', 'it’s', 'struck', 'inside', 'read', 'knot', 'egg', 'hold', 'nowhere', 'love', 'already', 'child', 'the', 'water’s', 'whatd']"
Weight of Sound,Stick Figure,TJ O'Neill,spotify:track:3W4x7fZhMHw2pE6wyBzzF8,443380,0.857,0.713,6,-7.327,1,0.0354,0.0665,0.0279,0.0748,0.869,141.994,"['passed', 'time', 'one', 'im', 'today', 'getting', 'ill', 'impossible', 'yeah', 'work', 'like', 'music', 'air', 'back', 'playing', 'another', 'please', 'side', 'laughing', 'away', 'twenty', 'place', 'light', 'high', 'everything', 'thinking', 'there', 'saturday', 'control', 'focus', 'beer', 'night', 'sing', 'love', 'left', 'weight', 'life', 'mood', 'push', 'blessed', 'tonight', 'sound', 'me', 'no', 'stereo', 'got', 'moving', 'choice', 'feel', 'must', 'confess', 'thing', 'everybodys', 'let', 'reach', 'die', 'out', 'real', 'go', 'believing', 'lying', 'ive', 'little', 'say', 'coming', 'breathe', 'four', 'make', 'radio', 'seem', 'sitting', 'come', 'well', 'home', 'know', 'tell', 'sun', 'listen', 'sometimes', 'sit', 'thats', 'girl', 'shine', 'call', 'way', 'eye', 'song', 'drink', 'smiling', 'tomorrow', 'low', 'right', 'nothing', 'relax', 'watch', 'hour', 'melody', 'could', 'seems', 'every', 'far', 'cant', 'get', 'never', 'need', 'video', 'till', 'gonna', 'cause', 'forever', 'keep', 'haunted', 'take', 'alright', 'feeling', 'previous', 'soothe', 'soul', 'dream', 'bed', 'long', 'running', 'sinking', '216', 'baby', 'headed']"
Play For Today,Belle & Sebastian,,spotify:track:1100lvvYze9COk2GeZRRWs,453116,0.493,0.764,0,-7.885,1,0.0573,0.147,0.0078,0.294,0.521,124.885,"['old', 'wrinkled', 'face', 'time', 'catalogue', 'one', 'cut', 'im', 'working', 'were', 'today', 'play', 'show', 'ill', 'sacred', 'scene', 'work', 'world', 'back', 'troop', 'suddenly', 'would', 'boy', 'fraud', 'light', 'sight', 'build', 'set', 'look', 'inside', 'echo', 'stage', 'love', 'thumb', 'weight', 'tie', 'tired', 'writer', 'sand', 'ribbon', 'eat', 'misunderstood', 'past', 'got', 'sister', 'assemble', 'war', 'truth', 'wornout', 'heaven', 'notice', 'crime', 'braver', 'mind', 'filled', 'perfectly', 'secret', 'go', 'prop', 'prey', 'family', 'written', 'everyone', 'anger', 'ground', 'myth', 'head', 'attic', 'trap', 'stone', 'guide', 'higher', 'sitting', 'come', 'week', 'wasted', 'see', 'chance', 'endless', 'hide', 'hefty', 'sun', 'girl', 'melancholy', 'walked', 'loving', 'mean', 'monster', 'tyranny', 'way', 'eye', 'river', 'song', 'death', 'medusa', 'sense', 'alone', 'shadow', 'sung', 'rock', 'king', 'do', 'metaphor', 'rope', 'prettier', 'give', 'line', 'house', 'dried', 'drag', 'young', 'ugly', 'get', 'hair', 'earth', 'everybody', 'pushing', 'backstage', 'baggage', 'lift', 'month', 'gracefully', 'take', 'throne', 'screen', 'friend', 'riverbed', 'soul', 'sentence', 'lonely', 'tide', 'lust', 'twentythree', 'mountain', 'grow', 'author', 'rule', 'slide', 'life', 'wear', 'and', 'walking']"
Redbone,Childish Gambino,,spotify:track:0wXuerDYiBnERgIpbb3JBR,326933,0.743,0.347,1,-11.174,1,0.121,0.167,0.00951,0.103,0.572,160.143,"['find', 'butter', 'late', 'time', 'nigga', 'make', 'stay', 'could', 'im', 'oh', 'ooh', 'something', 'close', 'used', 'wake', 'play', 'koolaid', 'pride', 'better', 'feel', 'wait', 'yeah', 'hard', 'get', 'chocolate', 'know', 'scandalous', 'like', 'it', 'need', 'waste', 'woke', 'shit', 'creepin', 'put', 'boy', 'cake', 'you', 'want', 'gon', 'wishing', 'wanna', 'some', 'away', 'feeling', 'mine', 'go', 'eye', 'made', 'ah', 'they', 'hand', 'believe', 'long', 'catch', 'sleepin', 'howd', 'trying', 'peanut', 'right', 'daylight', 'now', 'baby']"
Building Steam With A Grain Of Salt,DJ Shadow,,spotify:track:4cucslsiEgezV2o900Ykg3,399027,0.613,0.832,8,-9.187,1,0.0281,0.388,0.95,0.0865,0.48,164.876,"['do', 'fluid', 'make', 'body', 'id', 'im', 'including', 'receives', 'come', 'really', 'assimilates', 'moon', 'juice', 'distributing', 'plane', 'well', 'cleared', 'feel', 'still', 'lot', 'strangest', 'taught', 'instrument', 'tenacious', 'know', 'work', 'like', 'best', 'astral', 'music', 'let', 'mistake', 'becomes', 'also', 'coming', 'crab', 'land', 'would', 'thats', 'human', 'slowly', 'fly', 'feed', 'express', 'part', 'hear', 'made', 'teacher', 'cancer', 'assimilating', 'continue', 'being', 'uh', 'inner', 'recently', 'listening', 'except', 'student', 'knew', 'able', 'ive', 'producing', 'drum', 'is', 'inside', 'mainly', 'record', 'rule', 'pretty', 'and', 'um']"
The Sensual Woman,The Herbaliser,,spotify:track:31U21fwH5izi4fVA2f1HKa,216001,0.781,0.18,1,-9.52,1,0.0719,0.0475,0.923,0.229,0.189,89.994,"['respect', 'wildest', 'situation', 'indeed', 'proper', 'close', 'different', 'enticing', 'lovemaking', 'lover', 'fact', 'three', 'like', 'exploration', 'air', 'lose', 'world', 'would', 'describe', 'box', 'cock', 'affect', 'bounce', 'imaginative', 'place', 'light', 'jello', 'many', 'look', 'oral', 'flavour', 'jewel', 'love', 'mood', 'bathtub', 'full', 'overhaul', 'physical', 'alluring', 'think', 'used', 'become', 'proud', 'firm', 'sex', 'sensitivity', 'important', 'adventure', 'word', 'around', 'rare', 'man', 'hardly', 'go', 'part', 'bad', 'amazing', 'new', 'clothes', 'courage', 'attitude', 'whistle', 'prick', 'remove', 'fuck', 'technique', 'body', 'prudish', 'of', 'experiment', 'distinctly', 'whats', 'activity', 'fully', 'dim', 'colour', 'nose', 'enhance', 'eye', 'remember', 'bedroom', 'aware', 'sense', 'learned', 'delicious', 'tactile', 'wild', 'least', 'desire', 'sensuality', 'could', 'pick', 'weapon', 'first', 'get', 'suck', 'day', 'precious', 'keep', 'take', 'treat', 'men', 'sexual', 'language', 'imagination', 'stick', 'proposed']"
Never Come Back,Caribou,,spotify:track:7IBrKDuBlyz3vW9JFCux10,305480,0.776,0.684,5,-8.934,1,0.0367,0.405,0.559,0.0663,0.655,127.979,"['hell', 'leave', 'though', 'knew', 'never', 'promise', 'regret', 'need', 'guess', 'come', 'forget', 'back', 'even', 'together', 'better']"
"You're the One - From ""I Lost My Body""",S+C+A+R+R,,spotify:track:5Tnx4R7Gwj1LZsfssfzchh,167987,0.535,0.724,5,-9.905,1,0.0618,0.202,0.901,0.0983,0.37,159.948,"['one', 'comeome', 'fly', 'nah', 'dove', 'love', 'come', 'baby', 'flyy']"
Blackbird,Fat Freddy's Drop,,spotify:track:3oSnMDaL0WsWyp2Gy80ulq,567459,0.72,0.791,7,-6.902,0,0.0361,0.0377,0.73,0.504,0.535,95.01,"['one', 'they’re', 'food', 'for', 'oh', 'yellow', 'eat', 'breeze', 'see', 'cant', 'watching', 'waiting', 'know', 'multiply', 'theyll', 'sleep', 'day', 'falling', 'keep', 'i’m', 'garden', 'go', 'eye', 'descending', 'don’t', 'many', 'supposed', 'there', 'shadow', 'blackbird', 'right']"
What It Is,Mark Knopfler,,spotify:track:65f8Ca4HbZCMLhpZPTHW4O,295893,0.624,0.682,6,-7.274,0,0.0302,0.615,0.252,0.288,0.432,122.084,"['ancient', 'crackling', 'fall', 'tollgate', 'something', 'begin', 'still', 'burning', 'curse', 'sleep', 'air', 'winkie', 'somebody', 'street', 'light', 'high', 'parapet', 'piper', 'garrison', 'upon', 'there', 'hotel', 'arm', 'shovel', 'government', 'frost', 'roll', 'city', 'shelter', 'past', 'moon', 'door', 'hall', 'queue', 'everybodys', 'falling', 'people', 'around', 'scottish', 'stare', 'wee', 'graf', 'legless', 'ghost', 'highland', 'tavern', 'dungeon', 'cold', 'search', 'little', 'willie', 'writing', 'town', 'lass', 'stone', 'creeping', 'citadel', 'come', 'nell', 'drinking', 'know', 'lantern', 'thats', 'shine', 'castle', 'candlestick', 'now…', 'song', 'square', 'asleep', 'alone', 'monument', 'stand', 'wagon', 'charlotte', 'drum', 'spilling', 'blue', 'hour', 'food', 'could', 'tower', 'warm', 'wick', 'keep', 'take', 'looking', 'dick', 'god', 'wind', 'den', 'soul', 'hot', 'dirty', 'caledonian', 'chink', 'stick', 'staggering', 'lad', 'walking']"
Honey,Robyn,,spotify:track:2JJw0uh08pNLYzFzBUAX8Y,294003,0.652,0.604,11,-8.666,0,0.101,0.0179,0.000589,0.119,0.068,115.953,"['nutrition', 'pavement', 'stronger', 'taste', 'wave', 'heart', 'oh', 'ooh', 'no', 'come', 'got', 'stuck', 'breath', 'every', 'saliva', 'honey', 'get', 'yeah', 'pleasure', 'i', 'know', 'never', 'like', 'need', 'strand', 'suck', 'it', 'sun', 'what', 'gonna', 'let', 'glitter', 'brightest', 'you', 'colour', 'flower', 'want', 'hurt', 'deep', 'water', 'open', 'flesh', 'kind', 'place', 'go', 'set', 'theyre', 'yes', 'doubt', 'sweeter', 'name', 'passion', 'soak', 'is', 'inside', 'whisper', 'right', 'golden', 'current', 'treasure', 'say', 'baby', 'emerald']"
Can I Kick It?,A Tribe Called Quest,,spotify:track:3Ti0GdlrotgwsAVBBugv0I,251573,0.848,0.666,0,-6.547,1,0.274,0.173,0.000699,0.129,0.744,96.662,"['favor', 'time', 'im', 'gone', 'follow', 'tip', 'were', 'pant', 'fun', 'obeyer', 'garment', 'player', 'studio', 'flavor', 'like', 'savior', 'flow', 'kick', 'air', 'measure', 'would', 'boy', 'please', 'box', 'fly', 'inhale', 'high', 'urge', 'fuzz', 'mr', 'good', 'free', 'plateau', 'plus', 'snug', 'then', 'arm', 'love', 'savor', 'tribe', 'track', 'comprehend', 'live', 'roll', 'think', 'u', 'recipe', 'dinkins', 'nipper', 'minor', 'feel', 'freak', 'lot', 'it', 'big', 'poem', 'people', 'drop', 'filled', 'rug', 'go', 'gave', 'foot', 'wa', 'afrocentric', 'glove', 'instruct', 'now', 'can', 'wear', 'make', 'note', 'this', 'mayor', 'come', 'really', 'rhythm', 'breath', 'doggy', 'well', 'funk', 'fit', 'know', 'wipe', 'dove', 'game', 'beat', 'thats', 'shrug', 'even', 'yes', 'positive', 'cuz', 'conveyor', 'funky', 'right', 'rock', 'sayer', 'lower', 'gettin', 'matter', 'fresh', 'check', 'give', 'jitterbug', 'hair', 'shove', 'need', 'vibers', 'ya', 'behavior', 'dis', 'hug', 'major', 'quest', 'living', 'layer', 'spread', 'life', 'phife']"
Damage Done,Moderat,,spotify:track:4zZN2PdZeGy3gBNItiVogT,326280,0.301,0.309,11,-16.372,0,0.0407,0.778,0.768,0.128,0.0702,107.634,"['tear', 'find', 'question', 'pearly', 'oh', 'i’ve', 'teeth', 'tongue', 'unwanted', 'see', 'scar', 'sunlight', 'buried', 'damage', 'hide', 'half', 'decay', 'false', 'answer', 'word', 'mind', 'parted', 'side', 'split', 'deep', 'stare', 'go', 'thorn', 'eye', 'stain', 'lip', 'inspiration', 'scratch', 'ive', 'cracked', 'done', 'rip', 'cleft']"
Russia - Nightmares on Wax Remix,Fat Freddy's Drop,Nightmares On Wax,spotify:track:6fXznH7uiIWOs53BwRtgPz,470077,0.793,0.72,11,-9.904,0,0.0535,0.00154,0.506,0.419,0.366,120.004,"['time', 'taste', 'one', 'follow', 'number', 'ninetynine', 'leave', 'still', 'burning', 'yeah', 'like', 'music', 'flowing', 'originated', 'son', 'heartbeat', 'world', 'back', 'destination', 'musician', 'age', 'heart…', 'that’s', 'it’s', 'technology', 'stream', 'felt', 'tribe', 'sound', 'wine', 'oh', 'got', 'true', 'selection', 'door', 'better', 'darkest', 'feel', 'choice', 'dj', 'top', 'turn', 'it', 'twelve', 'around', 'drop', 'fitchie', 'daughter', 'forward', 'strategy', 'foundation', 'go', 'dub', 'champion', 'bureau', 'new', 'everyone', 'dime', 'nation', 'say', 'fallen', 'together', 'tear', 'they’re', 'heart', 'come', 'rhythm', 'apart', 'wait', 'waiting', 'bound', 'fine', 'sun', 'beat', 'sequel', 'flame', 'water', 'information', 'midnight', 'we’re', 'sweet', 'don’t', 'yes', 'drink', 'right', 'bitter', 'universal', 'ripe', 'strike', 'i’ve', 'every', 'interconnected', 'step', 'get', 'never', 'need', 'root', 'till', 'swim', 'spin', 'conquer', 'reggae', 'fire', 'keep', 'take', 'zealand', 'looking', 'feeling', 'swallow', 'equal', 'inspiration', 'living', 'running', 'spread', 'start']"
Boondigga,Fat Freddy's Drop,,spotify:track:7boSWvPaujwAgEsgrmMVg2,358200,0.726,0.447,11,-9.803,0,0.026,0.0588,0.343,0.0968,0.758,108.868,"['time', 'one', 'bird', 'end', 'working', 'me', 'were', 'til', 'sister', 'well', 'feel', 'runnin', 'tried', 'burning', 'watching', 'whats', 'waiting', 'alive', 'home', 'like', 'sea', 'notice', 'arrive', 'wasting', 'day', 'thief', 'flame', 'mind', 'takin', 'wanna', 'out', 'burn', 'fly', 'hurtin', 'mr', 'soul', 'everything', 'many', 'try', 'to', 'lonely', 'change', 'trippin', 'foot', 'ash', 'brother', 'night', 'apiata', 'right', 'love', 'bone', 'tired', 'moreore']"
Hoy Ya No Soy Yo,Gustavo Cerati,Daniel Melero,spotify:track:0AxlHaQceaVwGXGCEfydF6,248573,0.643,0.637,7,-14.007,1,0.0289,0.00198,0.11,0.0378,0.961,115.961,"['yo', 'flotando', 'adivino', 'soy', 'de', 'en', 'noche', 'mar', 'x6', 'cubierto', 'te', 'hoy', 'paso', 'otra', 'lava', 'tienes', 'ganas', 'ardiente', 'subir', 'un', 'tengo', 'ya', 'dia', 'quererte', 'la', 'accidente', 'saber', 'pero', 'nena', 'esperes', 'puede', 'veces', 'tu', 'el', 'verme', 'ser', 'intención', 'arroje']"
Americans,Janelle Monáe,,spotify:track:5KE6acpiakjqiIskbWVfxB,246357,0.73,0.766,9,-6.213,1,0.0475,0.00389,0.0482,0.0829,0.14,100.017,"['old', 'mom', 'face', 'win', 'im', 'sign', 'pant', 'nightstand', 'whitecollars', 'pay', 'nobody', 'twice', 'piece', 'today', 'play', 'samegender', 'work', 'latinas', 'fight', 'like', 'ever', 'liar', 'would', 'please', 'gon', 'hear', 'flag', 'try', 'church', 'pie', 'teach', 'thang', 'love', 'gun', 'child', 'white', 'find', 'live', 'american', 'me', 'huh', 'baby', 'vision', 'better', 'sex', 'dollar', 'war', 'heaven', 'uncle', 'dad', 'big', 'let', 'word', 'superstition', 'successful', 'people', 'around', 'hope', 'die', 'man', 'go', 'rose', 'run', 'dotted', 'crow', 'ground', 'name', 'without', 'clothes', 'hold', 'say', 'head', 'fallen', 'kitchen', 'black', 'cent', 'decision', 'sam', 'make', 'heart', 'come', 'seventynine', 'see', 'crazy', 'stop', 'well', 'cross', 'home', 'wall', 'tell', 'naw', 'shot', 'devil', 'sometimes', 'land', 'defend', 'loving', 'police', 'way', 'blind', 'am', 'next', 'alone', 'two', 'learned', 'color', 'help', 'latino', 'stand', 'wonder', 'pretty', 'angel', 'blue', 'jesus', 'line', 'young', 'shell', 'cant', 'get', 'clap', 'never', 'kissed', 'poor', 'jail', 'jim', 'keep', 'you', 'allegiance', 'take', 'brave', 'up', 'bullshit', 'singing', 'america', 'god', 'soul', 'luck', 'equal', 'hand', 'men', 'country', 'hell', 'hate', 'wash', 'on', 'down', 'talkin', 'pledge', 'wear', 'woman']"
Pictures of Matchstick Men - Mono Version,Status Quo,,spotify:track:0MRs5O62wfDgf5cQKalrPq,190600,0.241,0.604,7,-3.817,1,0.0313,0.0672,4.98e-05,0.0541,0.417,173.134,"['face', 'lie', 'make', 'morning', 'peeping', 'yellow', 'gone', 'sky', 'reflection', 'direction', 'come', 'guy', 'wake', 'see', 'funny', 'leave', 'stop', 'still', 'underneath', 'home', 'window', 'ever', 'pillow', 'matchstick', 'kind', 'eye', 'rush', 'cry', 'mirage', 'picture', 'bed', 'men', 'look', 'next', 'soak', 'yawning', 'alone', 'echo', 'head', 'haunting', 'tired']"
"Avança, vianant",Manel,,spotify:track:50idfHzEgqKnFfaN2oYu5n,338194,0.687,0.63,9,-7.406,1,0.0297,0.0224,0.146,0.0854,0.579,118.004,"['quiet', 's’equivoquen', 'carnet', 'que', 'vés', 'd’anar', 'importi', 'tresors', 'jo', 'gent', 'error', 'pa', 'sabràs', 'repassarem', 'mals', 'cervell', 'si', 'envans', 'se', 'contingui', 'pose', 'ho', 'l’univers', 'immaculat', 'dy', 'joc', 'món', 'endavant', 'movem', 'encallat', 'bons', 'però', 'full', 'estar', 'subterranis', 'classificar', 'teu', 'depriment', 'més', 'en', 'mar', 'què', 'tot', 'amb', 'dolents', 'pensant', 'quedarte', 'tarda', 'pobre', 'al', 'cap', 'pot', 'art', 'un', 'quedi', 'l’asfalt', 'millor', 'avança', 'fals', 'inanició', 'caigui', 'sentimnos', 'el', 'content', 'veuràs', 'aquells', 'anem', 'et', 'demanen', 'jutgem', 'lluita', 'sent', 'adverteix', 'noble', 'currículum', 'de', 'arrisques', 'després', 't’ho', 'precedent', 'fa', 'coneixes', 'per', 'còlera', 'déus', 'rius', 'cada', 'parlis', 'damunt', 'amables', 'genial', 'la', 'eternament', 'l’engany', 'malgrat', 'vianant', 'aquest', 'patit', 'perdràs', 'foscor', 'deu', 'quan', 'fons', 'sense', 'aquesta', 'dolor', 'dir', 'doble', 'som', 'hagi', 'reparteix', 're', 'sofert', 'reglament', 'ja', 'aconseguiràs', 'bé', 'vindria', 'creu', 'conversa', 'llambordes', 'feix', 'cruelment', 'passat', 'ha', 's’equivoca', 'plaer', 'terra', 'petits', 'hi', 'gran', 'banquet', 'del', 'expert', 'donem', 'amagats', 'daurats', 'va', 'l’esforç', 'pau', 'veritat', 'ningú', 't’agradarà', 'fan', 'tu', 'escrit', 'le', 'juguem', 'greuges', 'llum', 'sobre', 'dels', 'intactes', 'cruel', 'practicar', 'és', 'intrús', 'sap', 'gaire']"
Mad Bad Cat,17 Hippies,,spotify:track:0Odt7SrSnwy05t5TNaEu1F,197907,0.448,0.457,0,-9.665,0,0.0304,0.557,0.000848,0.996,0.88,90.039,"['clearly', '5pointed', 'surroundings', 'beautiful', 'rejoice', 'holey', 'personality', 'something', 'zarathuds', '40', 'flourish', 'instructed', 'generic', 'today', 'considered', 'zarathud', 'nyx', '1937', 'scribe', 'signal', 'three', 'fixture', 'delighted', 'bathroom', 'please', 'illuminated', 'unfortunate', 'gain', '18000', 'good', 'chinese', 'changed', 'fisticuffs', 'believe', 'usher', 'feared', 'hotel', 'albuquerque', 'disruptive', 'dominate', 'correctly', 'snow', 'vocal', 'pioneer', 'maneuvered', 'muzzle', 'chaoflux', 'monkey', 'slapped', 'presence', 'vexes', 'question', 'order', 'because', '38', 'live', 'american', 'effect', 'leader', 'me', 'virginity', 'finnegans', 'zwack', 'innerteachings', 'milk', 'tusk', 'counterpullpush', 'mickey', 'closet', 'escalation', 'alley', 'relative', 'cultureshock', 'mysteree', 'rubble', 'i', 'entrusted', 'last', 'adam', 'europe', 'ken', 'staff', 'gnostic', 'agreed', 'around', 'kind', 'gonfolons', 'destructive', 'cosmogony', 'dogma', 'iii', 'system', 'believing', 'might', 'new', 'laundromat', 'planetary', '13', 'hesitates', 'him', 'attention', 'wa', 'hold', 'backwards', 'now', 'medterra', 'disturbed', 'holy', 'peleus', 'person', 'camden', 'lasted', 'ewige', 'hypoc', 'orbit', 'heart', 'ritualism', 'bicker', 'plaza', 'aquaitaine', 'turnd', 'immediately', 'underpowered', 'ideogram', 'power', 'mostly', '31', 'permit', 'apparent', 'quake', 'crazy', 'cradle', 'accomplished', 'apart', 'mecca', 'diagonal', 'tsudan', 'fearing', 'cease', 'bridge', 'use', 'ripens', 'numeral', 'thud', 'supposition', 'sire', 'camp', 'hermes', 'california', 'significance', 'commerce', 'heat', 'whistling', 'bavaria', 'cagliostro', 'continent', 'solace', 'tricycle', 'tobacco', 'either', 'yeself', 'scruplewhich', 'dangerous', 'therefore', 'hodge', 'feast', 'afraid', 'rock', 'orleans', 'prosecutor', 'late', 'reputation', 'correct', 'commonly', 'seems', 'joyously', 'house', 'subvert', '2', 'kulls', 'salvation', 'opposing', 'bedding', 'accord', 'similar', 'combination', 'civilization', 'grazing', 'clarification', 'hatred', 'worked', 'source', 'seventythree', 'false', 'offender', 'chanted', 'responsibility', 'bore', 'five', 'mao', 'deep', 'screen', 'state', 'symbolized', 'race', 'basic', 'syaday', 'feeling', 'saint', 'syadavaktavyaska', 'precisely', 'ah', 'forget', 'grid', 'pain', 'joyful', 'sympathy', 'ft', 'helter', 'happy', 'is', 'illusory', 'jug', 'eris', 'enlightened', 'ulysses', 'wear', 'respect', 'westerner', 'fast', 'battle', 'actually', 'reference', 'resting', 'hypocs', 'fortunately', 'kinderscheisse', 'laboring', 'stillness', 'geometrician', 'seven', 'play', 'sequence', 'worrying', 'unnecessary', 'hemlock', 'hundred', 'cairo', 'vehicle', 'approach', 'son', 'useful', 'her', '235', 'hbt', 'burma', 'created', '48', 'opu', 'dwarf', 'requested', 'later', 'design', 'ol', 'many', 'demand', 'psychotic', 'mangreat', 'perhaps', 'assertion', 'breton', 'annihilation', 'had', 'organized', 'night', 'inside', 'inverted', 'class', 'distribute', 'suburb', 'enjoyed', 'plunged', 'swiftly', 'cealed', 'hip', 'positivenegative', 'divisible', 'cervantes', 'sermon', 'cumhu', 'satan', 'deceived', 'darkness', 'along', 'indefinitely', 'galley', 'commander', 'atlantis', 'u', 'equation', 'sinful', 'generalization', 'vision', 'invisible', 'designated', 'belief', 'war', 'sadly', 'fray', 'pisseth', 'silent', 'offered', 'isolated', '1524', 'wieczny', 'chapter', 'drop', 'eligible', 'brunswick', 'cavaktavyasca', 'introduction', 'cast', 'unlike', 'sober', 'weather', 'rose', 'immortalis', 'absolute', 'churchill', '10000', 'broke', 'tao', 'lieutenant', 'name', 'everyone', 'anger', '0', 'solving', '53', 'read', 'such', '6th', 'dl', 'disorganizational', 'taoist', 'excerpt', 'forgotten', 'license', 'troy', 'heathen', 'bod', '21', 'bylaw', 'body', 'catagories', 'vonnegut', 'increasingly', 'bothering', 'counter', '20th', 'priesthood', 'hebrew', 'mystical', 'turning', 'upright', 'forgot', 'earthplane', 'challenge', 'sun', 'terror', 'becomes', 'chao', 'atheistic', 'broken', 'constricted', 'shit', 'increasing', 'exactly', 'fliegende', 'anywhere', 'walked', 'wondered', 'kavaktavyaska', 'information', 'midnight', 'rotate', 'sweet', 'punch', 'malcontented', 'principia', 'ideasabout', 'death', 'fete', 'buttercup', 'positive', 'thine', 'ahua', 'understand', 'china', '39', 'became', 'convict', 'wisdom', 'unclassified', 'vennards', 'bitter', 'least', 'syadavaktavya', '63', 'illusion', 'loudly', 'countergame', 'since', 'metallic', 'be', 'azif', 'rest', 'shortcircuit', 'engrossed', 'guy', 'reversity', 'young', 'council', 'circular', 'chilly', 'speaks', 'pale', 'polite', 'xhouse', 'reason', 'variety', 'soft', 'talk', 'ban', '1965', 'respond', 'sore', 'integrity', 'syannasti', 'miserable', 'america', 'canto', 'iq', 'talking', 'carried', 'mathemetician', 'peace', 'husband', 'transmitted', 'wedding', 'contemplated', 'authentic', 'conclude', 'example', 'blfffffffffffft', 'great', 'sep', 'whole', 'cardan', 'hlrsaiei', 'hong', 'for', 'news', 'cherished', 'ten', 'humbly', 'forthcoming', 'nameless', 'malignatus', 'scientist', 'begin', 'doll', 'mound', 'steal', 'melt', 'whittier', 'sacred', 'geometry', 'opera', 'fact', 'danger', 'pope', 'bombast', 'sm', 'tasty', 'discovers', 'computation', 'purge', 'encrustation', 'price', 'dedicate', 'revision', 'hallway', 'transgressicuted', 'bavarian', 'contest', 'playing', 'powerful', 'pancreas', 'hurry', 'pillow', '1', 'actual', 'laughing', 'propose', 'perfect', 'hunchbrain', 'clearer', 'require', 'kull', 'apr', 'teach', 'ii', 'motion', 'pyramid', 'formulated', 'proposes', 'ksc', 'bash', 'mystery', 'happenstance', 'sound', 'case', 'paris', 'doctor', 'contention', 'eat', 'explain', 'true', 'creating', 'date', 'unhappy', 'meditation', 'erisians', 'again', 'pleasure', 'dhv', 'term', 'guerilla', 'york', 'review', 'poem', 'return', 'trait', 'boutique', 'arbitrary', 'absurdists', 'coordinated', 'inscription', 'apocalyptic', 'dull', 'part', 'go', 'volume', 'joyce', 'gave', 'renaissance', 'enterprise', 'mojo', 'surprise', 'in', 'bureau', 'bay', 'bottom', 'mischievous', 'weishaupt', 'written', 'purpose', 'substance', 'dog', 'leaf', 'vibe', 'aztec', 'relation', 'skip', 'mungojerry', 'steadfastly', 'lawmaker', 'respective', 'trrocrapttm', 'squatting', 'experienced', 'naming', 'chanting', 'clattering', 'bow', 'conviction', 'best', 'report', 'seldom', '7', 'lowest', 'single', '69', 'particularly', 'duty', 'quabala', 'thats', 'pepper', 'hierarchy', '1959', 'dear', 'called', 'calendar', 'anarchy', 'split', 'injustice', 'abbey', 'way', 'paul', 'houdini', 'paraphysical', 'baptismal', 'annoying', 'symbolic', 'armor', 'moved', 'ram', 'lamb', 'ecstasy', 'christ', 'foolishness', 'hence', 'disaster', 'stranded', 'yahweh', 'authorized', 'existing', 'columbus', 'card', 'sinked', 'unit', 'firmly', 'shithead', 'dazed', 'goodevil', 'don', 'evil', 'acapulco', 'practice', 'calmed', 'antithesis', 'drag', 'inform', 'identity', 'possibly', 'grey', 'meditating', 'include', 'kallisti', 'motivation', 'never', 'proclaim', 'lifeboat', 'b', 'contrary', 'bicycle', 'kirharesh', 'further', 'mad', 'somehow', 'consciousness', 'meat', 'take', 'creates', 'colorado', 'malicious', 'soul', 'frozen', 'earthly', 'experimentally', 'kwiat', 'continue', 'le', 'labeled', 'stagnation', 'gregorian', 'country', 'punchbowl', 'trusted', 'article', 'sted', 'tide', 'started', '1410', 'barbarous', 'mountain', '1968', 'victory', 'on', 'leary', 'melee', 'menelaus', 'degenerate', 'illegitimo', 'established', 'occultist', 'apple', 'ethereal', 'follow', 'problem', 'proselyte', 'association', 'different', 'convert', 'albert', 'nonbeing', 'endeavor', 'hard', 'illuminatus', 'anyone', 'specific', 'fort', 'gradually', 'horizontal', 'ever', 'visible', 'learn', 'unbalance', 'repeat', 'put', 'affirmation', 'side', 'mansion', 'spelled', 'returning', 'studied', 'undesirable', 'while', 'page', 'impending', 'flag', 'service', 'from', 'set', 'imbalance', 'creativedestructive', 'look', 'ezra', 'mathematical', 'unfavorable', 'rpdn', 'plus', 'copy', 'sheet', 'blow', 'pronounced', 'pentagon', 'did', 'ignotum', 'distinction', 'pundit', 'swell', 'grin', 'principle', 'reverse', 'bureaucrat', 'greatly', 'temporary', 'which', 'torrential', 'critical', 'thing', 'desperate', 'absolutely', 'tighter', 'madam', 'baghdad', 'illuminate', 'throwing', 'establishing', 'psychometaphysics', 'mind', 'aquilonia', 'lamenting', '1611', 'although', 'shown', 'unto', 'reserve', 'simply', 'recently', 'ssnk', 'foot', 'without', 'fullback', 'contribution', 'australia', 'repetition', 'steeping', 'grand', 'habit', 'utterly', 'repeated', 'youngeromnibenevolent', 'van', 'feather', 'tear', 'handbook', 'arise', 'kong', 'sri', 'end', 'culture', 'burned', 'nuclear', 'commercial', 'unsatisfied', 'third', 'others', 'week', 'come', 'sparta', 'section', 'afterwards', 'herself', 'see', 'clown', '25', 'administry', 'value', 'well', 'fa', 'revealed', 'ignotius', 'small', 'disagreement', 'huzzahs', '50', 'division', 'flax', 'imprison', 'amused', 'desired', 'loud', 'over', 'accident', '1166', 'ieiasrlh', 'with', 'nonsense', 'mary', 'thusly', 'promptly', 'cage', 'disorder', 'acute', 'approaching', 'fang', 'sin', 'copulated', 'fred', 'malaclypse', 'alleged', 'complaining', 'outrage', 'aint', 'paganism', 'birthday', 'river', 'appears', 'reconstructed', 'lucky', 'sure', 'revelation', 'rotated', 'republican', 'troubled', '11', 'wonder', 'unknown', 'cord', 'vast', 'undesired', 'desire', 'mayan', 'indirectly', 'nail', '54', 'magician', 'party', 'could', 'elder', 'determined', 'entrenched', 'choose', 'greyface', 'are', 'reckoning', 'opposed', 'chicken', 'afm', 'lift', 'enveloped', 'concerned', 'asking', 'known', 'disappointed', 'keep', 'we', 'obscene', 'unwashed', 'greyfaced', 'those', 'prove', 'writes', 'ordered', 'directs', 'concubine', 'malefemale', 'refers', 'among', 'appoint', 'grave', '5536', 'amid', 'hell', 'heisenberg', 'towards', 'change', 'paused', 'begotten', 'dont', 'who', 'bowel', 'moab', 'completely', 'windowsill', 'capitalt', 'hill', 'passed', 'stash', 'otherwise', 'breeze', 'yin', 'upper', 'shook', 'capable', 'beef', 'theatre', 'lay', 'future', 'perpetual', 'entropy', 'luther', 'work', 'mailed', 'geneology', 'element', 'dubbed', 'multiply', 'warfare', 'immutable', 'discordian', 'happens', 'maybe', 'remonstrate', 'sneaky', 'suddenly', 'pound', 'binding', 'ordains', 'skokie', 'bt', 'specifically', '5', 'multiple', 'eternity', 'backyard', 'mr', 'his', 'church', 'babylonian', 'formal', 'confide', 'illumination', 'library', 'presense', 'dumb', 'answered', 'horoscope', 'engaged', 'swirl', 'syadastian', 'whatever', 'white', 'vault', 'neutralize', 'comment', 'vertical', 'epistle', 'point', 'vice', 'full', '18th', 'recognizes', 'sink', 'waxed', 'joined', 'going', 'advertisement', 'ca', 'permissible', '800', 'shaman', 'past', 'wiping', 'got', 'ravenhurst', 'comparatively', 'bit', 'conventional', 'appeared', 'firm', 'market', 'hoodoo', 'circa', 'freak', 'job', 'membership', 'democratic', 'puton', 'dancing', 'often', 'about', 'heaven', 'it', 'squaw', 'examination', 'sum', 'second', 'let', 'episkopotic', 'planted', 'national', 'anarchist', 'serious', 'literatus', 'million', 'art', 'burroughs', 'neither', 'andor', 'exquisite', 'near', 'contemplates', '52', 'angeles', 'episkoposes', 'bring', 'setting', 'carved', 'entire', 'maladay', 'lying', 'venture', 'spoken', 'initiate', 'foolish', 'photo', 'seereplied', 'shaggy', 'expose', 'exclusively', 'emerged', 'atmosphere', 'africa', 'himself', 'demonology', 'fictional', 'conclusion', 'pretzel', 'stone', 'creeping', 'bun', 'biased', 'bother', 'july', 'misused', 'sunday', 'swallowing', '47', 'type', 'beware', 'bedded', 'void', 'dsc', 'funny', 'vivant', 'mud', 'cybernetics', 'buried', 'window', 'mord', 'wipe', 'neophyte', '36', 'lady', 'perfection', 'rothchild', 'public', 'illustrative', 'torn', 'description', 'greek', 'federal', 'outrageous', 'decree', 'brain', 'existed', 'trigger', 'girl', 'sirius', 'bomb', 'tier', 'occasional', 'blinding', 'wife', 'ordained', 'kenneth', 'thereby', 'inspiring', 'united', 'philosophy', 'malleable', 'once', 'friendship', 'banger', 'mythology', 'imposter', 'hail', 'norton', 'society', 'plausible', 'gregory', 'right', 'pretty', 'yesterday', 'pd', 'clumsy', 'restricted', 'coded', 'anthropologist', 'convinced', 'headmaster', 'resort', 'vi', 'addition', 'vigilance', 'definitely', 'prevented', 'discordians', 'hymn', 'intriguing', 'committee', 'harp', 'chan', 'cabal', 'warn', 'western', 'throne', 'erisian', 'pack', 'hooting', 'friction', 'diabolical', 'yell', 'impersonating', 'received', 'epistolary', '43', 'multitude', 'confuflux', 'genuine', 'john', 'accept', 'able', 'repent', 'cimmeria', 'whereupon', 'running', 'natural', 'olaus', 'probably', 'down', 'gen', 'symbolize', 'laid', 'discussion', 'numbered', 'weekend', 'fell', 'indeed', 'healthy', 'exert', 'k', 'intention', 'originating', 'diverse', 'divinely', 'enclave', 'philosophically', 'allnight', 'non', 'interest', 'seek', 'unrelated', 'bruised', 'music', '66', 'theologian', 'locating', 'explained', 'hindered', 'not', 'diagram', 'ambrose', 'trip', 'twenty', 'legpull', 'holydays', 'trash', 'your', 'malignatius', 'concept', 'okinawa', 'nectar', 'button', 'clock', 'hippy', 'deserving', 'neutral', 'deck', 'captain', 'ideasaboutreality', 'proof', 'memo', 'rayville', 'band', 'disappointment', 'thirtyeleven', 'allegedly', 'herein', 'discord', 'norelation', 'disordered', 'magoun', 'private', 'q', 'better', 'summing', 'dazzling', 'important', 'inc', 'suppressing', 'ismaelian', 'censor', 'anchored', 'hark', 'special', 'operating', 'amending', 'compare', 'parable', 'located', 'antagonistic', 'daughter', 'offer', '27', '65', 'forward', 'garbage', '94814', 'oer', 'master', 'counterpushpull', 'notary', 'hopeless', 'xerox', 'room', 'finding', '41', 'advance', '666', 'controversy', 'waitress', 'lance', 'robert', 'pole', '6', 'strongly', 'latin', 'femaleness', 'yossarian', 'inhabit', 'hesse', 'strife', 'peak', 'column', 'interrupted', 'busied', 'wake', 'lost', 'stop', 'exist', 'participating', 'smaller', 'herewith', 'darkened', 'patron', 'ordinated', 'several', 'shortened', 'cabbage', 'whence', 'cylindrical', 'lopsided', 'view', 'dissolved', 'origin', 'probability', 'occult', 'water', 'aquarius', '44', 'silence', 'if', 'wilgus', 'happen', 'sits', 'figure', 'reverence', 'remember', 'artist', 'grindlebone', 'invented', 'league', 'patamunzo', 'suffer', 'badly', 'manifest', 'absence', 'canine', 'import', 'everyday', 'christendom', 'trilogy', 'clear', 'angel', 'proposition', 'bull', 'sanskrit', 'pas', 'sudden', 'designed', 'splendid', 'poetry', 'drawn', 'conceived', 'oneman', '34', 'however', 'first', 'judaism', 'develop', 'rightful', 'assumption', 'abdul', 'harm', 'unusually', 'certain', 'converter', 'hoover', 'disciple', 'emperor', 'geo', 'speak', 'misunderstanding', 'semantical', 'wison', 'economic', 'ti', 'named', 'ball', 'equal', 'dream', 'bed', 'mexico', 'mockery', 'primus', 'watt', 'lonely', 'dominion', 'catch', 'particular', 'auspex', 'introduced', 'seal', 'thetis', 'hoax', 'legionnaire', '56', 'werewolf', 'discovered', 'sends', 'prickleprickle', 'ancient', 'longer', 'face', 'offering', 'bible', 'why', 'wkc', 'increased', '95911918128', 'poised', 'gone', 'sign', 'added', 'situation', 'differ', 'onwards', 'somewhat', 'rattle', 'contrasting', 'working', 'as', 'allowd', 'threw', 'considerable', 'increase', 'oath', 'pornography', 'hermit', 'chaosphe', 'curse', 'fundamental', 'priest', 'shortly', 'straightjacket', 'recent', 'paid', 'recognize', 'pregnancy', 'within', 'indulging', 'messing', 'chartered', 'how', 'soldier', 'age', 'heraldnewssuntribunejournaldispatchpost', 'away', 'mid', 'antichristian', 'ala', 'underthetable', 'pisces', 'plainly', 'factual', 'athena', 'illustrated', 'quixote', 'headquartered', 'clause', 'inherited', 'ofit', 'move', 'mysterees', 'yet', 'easily', 'manifestation', 'spot', 'hassan', 'delight', 'defined', 'deluded', 'andreas', 'modified', 'pull', 'younger', 'wrong', 'e', 'think', 'slogan', 'struggle', 'commanded', 'romance', 'timeenergy', 'discriminate', 'replaced', 'hemisphere', 'lot', 'sank', 'wit', 'year', 'shea', 'found', 'building', 'political', 'must', 'protrudes', 'unique', 'naked', 'founded', 'big', 'unhindered', 'accomplish', 'chart', '500', 'etc', 'magic', 'people', 'momomoto', 'locked', 'vibration', 'kesey', 'mungo', 'here', 'crisscross', 'proclamation', 'broiled', 'using', 'grandchild', 'moreover', 'myth', 'social', 'arbitrator', 'shall', 'asked', 'dare', 'fearand', 'friendly', 'designation', 'jefferson', 'substitute', 'purple', 'mal1', 'highest', 'whomped', 'depicts', 'microscope', 'coffee', 'wizard', 'academic', 'hashishim', '12', 'radio', 'uterus', 'unable', 'tib', 'pan', '5776', 'uncover', '33', 'energy', 'plant', 'development', '32', 'deeper', 'pilgrimage', 'taking', 'surrounding', 'haircut', 'dwell', 'solely', 'alive', 'elsewhere', 'reading', 'yknow', 'compiled', 'sometimes', 'khayyam', 'larger', '51', 'yer', 'bc', 'turned', 'arrow', 'exhausted', 'assimilation', 'nonexistence', '9', 'call', 'distance', 'seemed', 'excepting', 'group', 'nude', 'herman', 'dd', 'distributed', 'tribulation', 'quarrel', '145', 'turkey', 'emphasizes', 'learned', 'wiener', 'understood', 'jehova', 'fired', 'joe', 'personage', '5090', 'flood', 'eros', 'reject', 'cannot', 'bob', '59', 'innate', 'promised', 'pin', 'apparently', 'publication', 'developing', 'figurative', 'leftright', 'z', 'beneath', 'chose', 'mendel', 'get', '22', 'cabalablia', 'everybody', 'commandment', 'irrelevant', 'reasonable', 'valentine', 'cause', 'effectively', 'negativism', 'godawful', 'evans', 'weep', 'genetics', 'edge', 'protector', 'wallowing', 'reverend', 'invited', 'friend', 'uncovered', 'corp', 'priestpriestess', 'syadasti', 'village', 'amusing', 'dot', 'allegory', 'giggle', 'raping', 'tother', 'cracked', 'traditionally', 'seer', 'pineal', 'rung', 'cut', 'ton', 'im', 'realized', 'f', '60', 'president', 'contented', 'enemy', 'quickly', 'harry', '72', 'rain', 'empty', 'infamous', '312500', '5th', 'gland', 'heard', 'weiner', 'concerning', 'keeper', 'mirror', 'sleep', 'mistakenly', 'shrink', 'world', 'quixotic', 'organization', 'offensive', 'advice', 'irreligious', 'dodge', 'agent', 'directly', 'roman', 'finally', 'chief', 'celestial', 'composed', 'light', 'heute', 'correction', 'german', 'upon', 'beasties', 'prefers', 'californian', 'care', 'incompetence', 'contradicted', 'arm', 'planet', 'damascus', 'genesis', 'presidential', 'thomgnos', 'quadrata', 'subject', 'child', 'tired', 'mung', 'yorba', 'elaborated', 'sleeping', 'artificial', 'waving', 'littlet', 'memory', 'ripped', 'oh', 'discussed', 'completed', 'pipe', 'local', 'fairy', 'common', 'understanding', 'northeast', 'watching', 'birchers', 'given', 'invested', 'equivalent', 'twin', 'fifth', '23rd', 'circle', 'middle', 'misguided', 'j', '64', 'liked', 'bunch', 'simplified', 'seriously', 'bobby', 'propensity', 'los', 'inscribed', 'devised', 'rej', 'missionary', 'grotesque', 'stricken', 'counterestablishment', 'unobtrusively', 'followed', 'neglected', 'dill', 'jet', 'mouse', 'proceed', 'animal', 'ie', 'follower', 'entirely', 'office', 'conjunction', 'four', 'tissue', 'aug', 'worm', 'achieved', 'despondent', '4th', 'circulate', 'christopher', 'doings', 'higher', 'meaning', 'catholic', 'of', 'aedificat', 'apostle', 'other', 'mid1970s', 'priestess', 'planning', 'wait', 'beaver', 'walrus', 'appendix', 'hereby', 'alan', 'nook', 'beat', 'religion', 'listener', 'subverted', 'whenupon', 'warptitude', 'chaplin', 'progeny', 'consider', 'kabal', 'balance', 'maleness', 'advanced', 'them', 'sense', 'except', 'frustration', 'solomon', 'same', 'unless', 'appointed', 'sez', 'universal', 'fbi', 'king', 'joint', 'blue', 'telephone', 'qualify', 'tampa', 'satire', 'prudent', '150200', 'coauthor', 'sikh', 'surely', 'rated', 'undoubtedly', '73', 'lucidity', 'intelligence', 'skeleton', 'faith', 'korean', 'liberation', 'discover', 'harmless', 'behold', 'snn12', 'satanic', 'completion', 'up', 'bullshit', 'when', 'iibii137dvvm3134', 'major', 'deny', 'famous', 'arranged', 'gory', 'hey', 'seated', 'zambian', 'pertinent', 'belong', 'bade', 'all', 'reprint', 'psychic', 'richard', 'beret', 'contrast', 'portrait', 'one', 'typical', 'emerges', 'terrrestrial', 'nosed', '1958', 'nobody', 'erebus', 'both', 'orderdisorder', 'text', 'show', 'archive', 'nixon', 'trivial', '30', 'onward', 'victim', 'whose', 'file', 'galaxy', 'gestation', 'albeit', 'suppressed', 'also', '55', 'primal', 'differently', 'nonexistent', 'probable', '46', 'phenomenon', 'leg', 'burn', 'confronted', 'concealing', 'resurrection', 'insanity', 'represents', 'translated', 'evasive', 'sect', 'based', 'culbert', 'agrees', 'press', 'shepherd', 'mother', 'surrealism', 'domination', 'smoothed', 'pickerings', 'prayer', 'love', 'moment', 'laugh', 'japanese', 'write', 'eristocracy', 'mullah', 'force', 'kingdom', 'government', 'evening', 'containing', 'blessed', 'orange', 'consultation', 'encourage', 'stupid', 'somever', 'wise', 'mar', 'revolution', 'preparing', 'applicable', 'specie', 'meditate', 'act', '62', 'moral', 'jul', 'usa', 'timetravelers', 'ye', 'twelve', 'mistake', 'included', 'wormius', 'fihgwp', 'vowel', 'separate', 'ago', 'philosopher', 'closed', 'sputnik', 'declared', 'surrealist', 'nc', 'hardly', 'plunder', 'whimsical', 'support', 'rank', 'planting', 'reversed', 'beyondmystique', 'pyrotechnic', 'audience', 'shame', 'opposite', 'munching', 'labyrinth', 'cave', 'together', 'poet', 'eschaton', 'consulted', 'sharing', 'resident', 'hallucination', 'garth', 'stated', 'revered', 'astrological', 'else', 'fair', 'competing', 'n', 'bazar', 'rolled', '49', 'home', 'rigoletto', 'mention', 'tell', 'topanga', 'chest', 'perverted', 'jun', 'branch', 'land', 'intended', 'marx', 'police', 'potential', 'bearer', 'belonging', 'garden', 'course', 'tyranny', 'mine', 'trojan', 'flat', 'grass', 'am', 'cryptographic', 'revived', 'communist', 'raised', 'yes', 'fnords', 'plumber', 'history', 'josh', 'help', 'symbolism', 'anton', 'whateveritisthatweare', 'minute', 'available', 'beside', 'formed', 'fingered', 'erisianism', 'revoked', 'teaching', 'center', 'consented', 'terrible', 'do', '1021', 'limited', 'grew', 'application', 'check', 'murky', 'slightly', 'surreptitious', '50th', '67', 'penname', 'these', 'enhanced', 'supported', 'junk', 'harvey', 'imagine', 'trouble', 'banquet', 'parenthesis', '70', 'testy', 'saw', 'upside', 'reflects', 'g', 'glory', 'observation', 'erupting', 'tradition', 'dick', 'wind', 'sewing', 'sage', 'handfull', 'utter', 'released', 'luck', 'admitting', 'm', 'long', 'experience', 'elaborate', 'dagger', 'n1each', 'forepartaftwards', 'previously', 'argument', 'polish', 'behooves', 'life', 'thus', 'isaiah', 'painful', 'deeply', 'inserted', 'ltsaint', 'story', 'distributing', 'cornerback', 'progress', 'especially', 'patronage', 'ceased', 'captivity', 'scene', 'claim', 'haitian', 'generation', 'zaraday', 'wroughten', 'season', 'cow', 'arose', 'lingananda', 'roach', 'bitchy', 'swear', 'ritual', 'discerned', 'involves', 'will', 'giantess', 'medical', 'secretly', 'build', 'borne', 'standing', 'monroe', 'suppose', 'ho', 'sgt', '60th', 'awareness', 'filler', 'demanded', 'across', 'waseth', 'wherein', 'proved', 'already', 'm2', 'gook', 'comic', 'continues', 'san', 'perplexed', 'aneris', 'treated', 'comparative', 'key', 'toward', 'sf', 'hearty', 'nam', 'shaking', 'heroic', 'fellowship', 'too', 'train', 'bokonon', 'historic', 'worried', 'timothy', 'furtively', 'carrot', 'investigation', 'word', 'collapse', 'temple', 'claimed', 'flower', 'agitprop', 'birth', 'vivid', 'sullivan', 'fellow', 'bear', 'contact', 'constantly', 'catastrophic', 'hurricane', 'st', 'shrine', 'el', 'zonked', 'snub', 'almost', 'labor', 'golden', 'dark', 'unified', 'gobble', 'writing', 'noticed', 'orgy', 'effort', 'remote', 'complain', 'timetravelling', 'grasp', 'boomtime', 'acceptance', 'posterityshe', 'required', 'rhythm', 'prediction', 'swallowed', 'rybicki', 'main', 'know', 'fully', 'wholly', 'carborundum', 'per', 'science', 'humor', 'sided', 'invent', 'passeth', 'eight', 'crowd', 'hurt', 'west', 'march', 'communication', 'yarn', 'staunch', 'recognized', 'integer', 'blind', 'undying', 'mysterious', 'to', 'blowing', 'hygiene', 'next', '68', 'selfordained', 'pasture', 'harmony', 'statue', 'sayer', 'sick', 'chs', 'jane', 'primer', 'fnord', 'afire', 'hour', 'buddha', 'matter', 'thought', 'jesus', '3125', 'total', 'certificate', 'international', 'mess', 'ghastly', 'cant', 'post', '35', 'assn', 'soon', 'theyll', 'gourd', 'confusion', 'creation', 'mail', 'popularized', 'voice', 'custer', 'mental', '1975', 'deceased', 'horace', 'statistic', 'honor', 'apparatus', 'hera', '23', 'god', 'dedicated', 'swallow', 'legend', 'consternation', 'region', 'count', 'legendry', 'sipping', 'tormented', 'responds', 'hate', 'priestly', 'corridor', 'bid', 'causing', 'diruit', 'pp', 'mu', 'greater', 'phase', 'unfold', 'rule', 'ruminate', 'behindthe', 'reply', 'enjoying', 'address', '61', 'meanwhile', 'trinians', 'chunk', 'pattern', 'headquarters', 'taken', 'tip', 'number', 'popular', 'friday', 'clapping', 'reformed', 'yang', 'sort', 'innocent', 'excellent', 'held', 'gaul', 'goddesssaturated', 'air', 'continuum', 'fucking', 'sunk', 'conspiracy', 'exploded', 'intergalactic', 'nm', 'pungenday', 'interoffice', 'ice', 'express', 'opposition', 'skelter', 'initiation', '15899121819', 'everything', 'cool', '15', 'rorschach', 'saying', 'heap', 'cult', 'courtesy', 'thinking', 'there', 'union', 'awe', 'bureaucracy', 'mal2s', 'interview', 'wealth', 'horn', 'lincoln', 'squeal', 'welcome', 'test', 'print', 'find', '57', 'existence', 'lie', 'serioushumorous', 'earliest', 'n1', 'chimpanzee', 'eminent', 'outcome', 'sexy', 'crew', 'paradise', 'flash', '37', 'acronym', 'moving', 'gospel', 'effective', 'sprinkle', 'rev', 'destroy', 'sex', 'traced', 'zen', 'vanish', 'illuminized', 'oldest', 'represent', '45', 'righteous', 'ninny', 'activating', 'laughter', 'want', 'create', '71', 'tank', 'relationship', 'evangelist', 'limb', 'made', 'hurting', 'degree', 'wilson', 'prior', 'dust', 'gullible', 'polarity', 'export', 'gentle', 'circus', 'ive', 'floor', 'hashish', 'reveal', 'that', 'mediterrania', 'aspirin', 'shake', 'opened', 'mason', 'money', 'residence', 'vennard', 'alhazred', 'hindic', 'this', 'military', 'sitting', 'zurich', 'humorless', 'holyday', 'wage', 'sought', 'yeve', 'level', 'appear', 'leak', 'queen', 'noting', 'instance', 'suite', 'totally', 'contradict', 'fine', 'grasshopper', 'commanding', 'wonderful', 'odd', 'persistant', 'brazil', 'pelias', '100', 'overpower', 'consequently', 'loving', 'mean', 'sacramento', 'naturally', 'receive', 'preach', 'lama', 'swing', 'dissolve', 'hodgepodge', 'discordja', 'scratch', 'scheme', 'certainly', 'classic', 'arrogance', 'founding', 'physic', 'burden', 'transformation', 'emblem', 'statement', 'minister', 'record', '2490220656', 'document', 'bcy', 'punjab', 'cheek', 'manner', 'worthwhile', 'attained', 'horse', 'informs', 'lore', 'warm', 'conceptualization', 'random', 'visited', 'scroll', 'assuming', 'replied', 'specialist', 'spacetime', '4', 'what', 'root', 'path', 'day', 'presently', 'evanston', 'occurs', 'filing', 'you', 'delusion', 'unbreakable', 'w', 'account', 'calculation', 'accepted', 'honorary', 'touch', 'koth', 'much', 'toilet', 'e5', 'happening', 'muscle', 'sinking', 'kohat', 'hip234', 'baby', 'encounter', 'and', 'early', 'old', 'entwine', 'psychological', 'director', 'goose', 'nineteen', 'casual', 'defamation', 'viewing', 'pay', 'lord', 'doth', 'joshua', 'nov', 'yours', 'bierce', 'send', 'reversal', 'noted', 'ill', 'na', 'socrates', 'zorba', 'oblivion', 'fight', 'pleased', 'pencil', 'prettiest', 'neils', 'ordure', 'gp', 'inert', '20', 'message', 'pomposity', 'place', 'intrigued', 'high', 'induce', 'seed', 'sufficient', 'attack', 'try', 'sham', 'anarchic', '1969', 'acc', 'rome', 'pleaded', 'control', 'rubadubdub', 'momomotos', 'nipple', 'freely', 'left', 'felt', 'push', 'park', 'sand', 'tribe', 'none', 'essay', 'wiped', 'beginning', 'disturbance', 'expressed', 'pure', 'moon', 'inch', 'outhouse', 'become', 'terminated', 'olympian', 'rise', 'bury', 'serenity', 'plan', 'etruscan', 'nineteensixties', 'afterward', 'willing', 'save', 'currently', 'islam', 'prickle', 'podge', 'hope', 'charles', 'flattered', 'classification', 'reproduce', 'remind', 'usurped', 'tea', '4850', 'aisb', 'lodge', 'code', 'shape', 'relate', 'eventually', 'trial', 'gold', 'climb', 'brother', 'benares', 'tendency', 'satisfaction', 'scatter', 'oct', 'guerrilla', 'drawer', 'shortage', 'personal', 'wilmette', 'spacially', 'plantation', 'wave', 'symbolizes', 'woe', 'whenever', 'wrote', 'dilapidated', 'amoral', 'theoriticians', 'device', 'roster', 'devoid', 'played', 'respectfully', 'fashioned', 'baseless', 'documentary', 'proven', 'immersed', 'theorem', 'ordeal', 'contradicts', 'spaced', 'zeus', 'handling', 'devil', 'spirometer', 'elephant', 'wherefore', 'magazine', 'though', 'catching', 'episkopos', 'some', 'frustrating', 'proclaims', 'said', 'suit', 'primarily', 'humility', 'arguing', 'eye', 'beast', 'breakthrough', 'onto', 'circumference', 'song', 'aspect', 'washington', 'making', 'selfprotection', 'perished', 'blumenkraft', 'johnny', 'malik', 'exact', 'apparant', 'pursue', 'meantime', 'transition', 'cong', '42', 'lamented', 'developmentsyou', 'far', 'h', 'aneristic', 'uniformity', 'grandly', 'catburglar', 'oz', 'earth', 'outwit', 'demonstrate', 'school', 'month', 'heller', 'rising', 'valusia', 'knowing', 'partake', 'junior', 'fusilade', 'earthman', 'star', 'francisco', 'century', 'indian', 'fool', 'spirit', 'hand', 'inner', 'version', 'sorrow', 'appropriate', 'published', 'erosion', '129', 'incorrigible', '3rd', 'hot', 'follows', 'harder', 'swears', 'era', 'author', 'herb', 'sabbah', 'horde', 'forwarded', 'suffice', 'quote', 'start', 'guaranteed', 'fall', 'dwelling', 'omars', 'seat', 'pandaemonium', 'slave', 'stole', 'n2k1', 'mature', 'study', 'intensified', 'thermodynamics', 'mungday', 'dynamic', 'establishment', 'bank', 'like', 'position', 'throw', 'medieval', 'occultism', 'larchmont', 'linda', 'present', 'somebody', 'stair', 'rampant', 'open', 'idea', 'necronomicon', 'complete', 'birthdate', 'ad', 'conan', 'mumbled', 'hovering', 'being', 'according', 'free', 'inexorably', 'each', '16', 'slanting', 'then', 'mankind', 'awoke', 'caterpillar', 'illuminati', 'opponent', 'pessimistic', 'delegate', 'yerselves', 'movement', 'madness', 'eristic', 'goofy', 'sister', 'form', 'solve', 'door', 'generally', 'so', 'trance', 'believed', 'telling', 'cosmic', 'truth', 'spectacular', 'poee', 'matrix', 'anyway', 'reach', 'lighter', 'cfn', 'regardless', 'out', 'pair', 'occasion', 'originally', 'decade', 'tattoo', 'taoism', 'ceremony', 'bad', 'cigar', 'student', 'magouns', 'courage', 'frame', 'stopped', 'literate', 'say', 'disappear', 'recital', 'swore', 'thereupon', 'lee', 'discoflux', 'make', 'sent', 'jeroboam', 'sorry', 'disregarding', 'continued', 'lack', 'con', 'unenlightened', 'ab', 'pebble', 'meeker', 'ohio', 'hopped', 'period', 'seattle', 'reality', 'namesake', 'own', 'grade', 'half', 'declare', 'share', 'translation', 'selected', 'nose', 'shine', 'suggestion', 'likely', 'fervently', 'suspended', 'moby', 'verily', 'desirable', 'mal', 'wish', 'incessant', 'assume', 'unsympathic', 'stijevoort', 'decided', 'aphrodite', 'beauty', 'bragg', 'pregnant', 'nothing', 'list', 'stem', 'omnibenevolent', 'treasury', 'self', 'whorehouse', 'event', 'give', 'limbo', 'pythagoras', 'table', '2nd', 'father', 'hair', 'obviously', 'remains', 'material', 'strange', 'bureflux', 'lotus', 'poor', 'precious', 'gulik', 'grounded', 'education', 'treat', 'numerical', 'creative', 'neal', 'guilliame', 'abominable', 'relic', 'panther', 'wintertime', 'rotundus', 'extra', 'necessary', 'foregoing', 'logically', '14', 'insist', 'sexual', 'sterile', 'whirlpool', 'owning', 'maniac', 'wantest', 'computer', 'died', 'woodpecker', 'randy', 'obstinate', 'lovecraft', 'spread', 'slide', 'woman', 'acquired', 'itself', 'nature', 'inclosed', 'beloved', 'dig', 'close', 'bare', 'george', 'rubber', 'getting', 'whether', 'worry', 'but', 'subscribes', 'confidential', 'benefit', 'taught', 'ben', 'mal2', 'coast', 'bribe', 'rite', 'height', 'resembles', 'deacon', 'deadpan', 'back', 'contentedly', 'buttock', 'incorporated', 'requires', 'returned', 'unbalanced', 'messenger', 'weirder', 'he', 'episode', 'hauptscheissmeister', 'east', 'harlequinists', 'location', 'refuge', 'hq', '20000', 'strong', 'subtle', 'deity', 'presided', 'rumor', 'ride', 'cosmology', 'due', 'p', 'method', 'immanentize', 'kob', 'preferable', 'humorously', 'someone', 'physical', 'morgen', 'yellow', 'university', 'no', 'only', 'temporally', 'fighting', 'presiding', 'used', 'serpent', 'came', 'bowler', 'noseprint', 'autonomy', 'honest', 'darra', 'hung', 'hall', '18', 'discordia', 'yinyang', 'silly', 'buck', 'screwed', 'telegram', '1132', 'function', 'have', 'answer', 'portugesebrazilian', 'erotic', 'professional', 'sufi', 'more', 'request', 'always', 'bulletin', 'viet', 'truly', 'man', 'human', 'real', 'filled', '58', 'participant', 'confronting', 'disorganization', 'universe', 'immanentizing', 'locate', 'meaningless', 'steadfast', 'bowling', 'imperial', 'soak', 'male', 'chap', 'done', 'disguise', 'buddhist', 'nation', 'volunteer', 'esoteric', 'little', 'boom', 'head', 'following', 'numbering', 'sinister', 'revised', 'enlightenment', 'wherever', '1970', 'confusing', 'drunk', 'pleasant', 'pentaverse', 'twinkle', 'whats', 'summer', 'listens', 'overwhelmingly', 'james', 'reside', 'divided', 'jerusalem', 'berkeley', 'brigadier', 'depression', 'tolans', 'omar', 'ploy', 'che', 'praying', 'influence', 'walk', 'philosophical', 'rather', 'began', 'even', 'nil', 'influenced', 'ocean', 'doubt', 'circulation', 'dallas', 'loose', 'haha', 'behind', 'illuminoids', 'dropping', 'dec', 'ineffable', 'wild', 'unsanitary', 'equally', 'devotive', 'existent', 'manufacture', 'angry', 'relevant', 'frequently', 'brought', 'consult', 'every', 'symbol', 'cycle', '26', 'paratheoanametamystikhood', 'step', 'timely', 'naga', 'acid', 'chain', 'stuff', 'appreciate', 'einstein', 'endure', 'pray', 'gross', 'explanation', 'carry', 'beget', 'fire', 'mirth', 'yah', 'consideration', 'result', 'syadavatavyasca', 'agree', 'denied', 'metaphysics', 'thereof', 'adrift', 'searched', 'loss', 'arriving', 'fear', 'they', 'ignorant', 'norbert', 'dreampt', 'sweetmorn', 'grove', 'living', 'skin', 'versa', 'married', 'socratic', 'pi', 'grow', 'front', 'prevails', 'lunatic', 'hp', 'grouped', 'eyes2', 'atom', 'predicted', 'singer', 'imposition', 'site', 'were', 'confused', 'kns', 'passing', 'helen', 'exclaim', 'active', 'garment', '1090', 'add', 'still', 'any', 'security', 'weakness', 'imitation', 'psychedelic', 'sincere', 'thesis', 'greatest', 'stoned', 'cat', 'technocracy', 'c', 'another', 'syadavaktavyasca', 'paranoid', 'affair', 'advise', 'syanasti', 'miscellaneous', 'gymnastics', 'street', 'quite', 'compliment', 'freedom', 'coveridentities', 'wandering', 'begat', 'precept', 'space', 'incidence', 'sophisticated', 'dance', 'mamonwhose', 'd', 'fl', 'beseech', 'shovel', 'forasmuch', 'merry', '85', 'underground', 'majesty', 'forbidden', 'wine', 'aim', 'liable', 'sufficiently', 'intensive', 'worst', 'city', 'newspaper', 'thickest', 'cypher', 'thyself', 'chant', 'psyche', 'formulation', 'prefer', 'nietzsche', '1st', 'thank', 'al', 'quoted', 'training', 'remain', 'significant', 'drought', 'ream', 'legion', 'crisis', 'ontology', 'theology', 'worth', 'went', 'hateful', 'rpd', 'disguised', 'nyc', 'lick', 'tai', 'temporarily', 'jump', 'us', 'letter', 'manifested', 'law', 'epilepsy', 'extratemporal', 'dillinger', 'ordination', 'polyfather', 'fifty', 'spinning', 'caused', 'essential', 'sojac', 'prohibited', 'busy', 'coming', 'knight', 'kitchen', 'fuck', 'pungent', 'finder', 'can', 'task', 'attempt', 'v', 'nova', 'a', 'note', '19', 'o', 'counteract', 'regarding', 'really', 'unjust', 'allcreative', 'incredible', 'ltd', 'renounce', 'blinded', 'stance', 'conversation', 'impersonal', 'hide', 'wall', 'collector', 'book', 'game', 'diminishing', 'sit', 'clue', 'physicist', 'welt', '8', 'elia', 'jealous', 'metaphysical', 'canyon', 'verse', 'metaphysically', 'general', 'thou', 'decorated', 'tomorrow', 'everywhere', 'altered', 'embezzeled', 'seeking', 'differed', 'wallow', 'freedomflowing', 'hypocrates', 'counting', 'before', 'dealy', 'female', 'thoughtful', 'devotion', 'preparation', 'pick', 'sewer', 'reincarnated', 'christian', 'oswald', 'introduce', 'costuming', 'hole', 'poop', 'immediate', 'ethic', 'wire', '300', 'ugly', 'ask', 'till', 'mordecai', '200250', 'frenchman', 'reserved', 'ominous', 'decreed', 'flying', '16th', 'safeguard', '1776', 'intense', 'presented', 'classical', 'galbraith', '250300', 'took', 'likeness', 'listed', 'response', 'bohr', 'lichtenberg', 'grassroots', 'absurdity', 'discouragement', 'smitten', 'spirituality', 'ring', 'yogsothoth', '29', 'quiet', 'r', 'time', 'resolving', 'holyname', 'pastor', 'forgetfullness', 'id', 'certify', 'hearing', 'encouragement', 'nonprophet', 'definition', 'large', 'authority', 'fain', 'starting', 'profit', 'leave', 'swept', 'gainst', 'seen', 'surrender', 'goddess', 'forth', 'edition', 'careful', 'diluting', 'endeavour', 'flowing', 'spoke', 'turnip', 'prince', 'citizen', 'would', 'bosom', 'hobby', 'solved', 'chamber', 'box', 'virtually', 'lead', 'population', 'object', 'facing', 'business', 'comparable', 'scrutiny', 'mighty', 'entered', 'mandrake', 'detested', 'condition', 'clad', 'heavy', 'classified', 'english', 'scholarly', 'prayed', 'iv', 'afflux', 'looked', 'perish', 'joy', 'chessboard', 'success', 'indoctrine', 'suffering', 'mood', 'fearlessly', 'fruit', 'observe', 'flemish', 'l', 'digging', '24', 'bearing', 'chaos', 'thousand', 'co', 'via', 'da', 'opovig', 'jan', 'unicorn', 'sample', 'applies', 'doctrine', 'feel', 'anything', 'ranch', 'negative', 'top', 'turn', 'join', 'action', 'sweetheart', 'sane', 'apostilic', 'randomfactor', 'deal', 'succummed', 'forceworshipers', 'therein', 'successful', 'corporal', 'simple', '17', 'die', 'secret', '10', 'foundation', 'myself', 'rainbow', 'interesting', 'wouldst', 'dr', 'extant', '150', 'green', 'viewed', '28', 'persuade', 'thomas', 'substantially', 'fund', 'ground', 'shrewedly', 'original', 'buddhism', 'mortal', 'volcano', 'fiftyfive', 'seriousness', 'possible', 'black', 'furniture', 'ilk', 'the', 'born', 'understands', 'warning', 'afternoon', 'pentabarf', 'hidden', 'indigestion', 'evidence', 'paper', 'guide', 'direction', 'mailing', 'draw', 'expect', 'prolonged', 'plumbing', 'despite', 'rotten', 'quetzlcoatl', 'sainthood', 'remained', 'zeno', 'establish', 'registered', 'protection', 'chorus', 'cherish', 'slept', 'pork', 'caution', 'bon', 'balanced', 'inference', 'hah', 'aftermath', 'whoever', 'sonnensystem', '59th', 'official', 'orderly', 'aehiilrs', 'alone', 'two', 'may', 'gathered', 'instead', 'bergan', 'sung', 'insight', 'current', 'told', 'chi', 'archangle', 'genius', 'suspension', 'maker', 'avatar', 'differentiation', 'perform', 'underworld', 'wiseman', 'backfire', 'super', 'strike', 'lo', 'gilded', 'exposed', 'zillion', 'devise', 'x', 'tried', 'fung', 'corner', 'intelligentsia', 'need', 'nice', 'mutat', 'gulf', 'franklin', 'qualification', 'incidentally', 'forever', 'nearly', 'hollering', 'grows', 'instantly', 'lennon', 'divulge', 'slowly', 'pressure', 'collection', 'mile', 'concluded', 'metropolitan', 'gentleman', 'arrived', 'doom', 'meditated', 'dexter', 'feb', 'inspiration', 'men', 'starbucks', 'pit', 'built', 'flock', 'conflict', 'title', 'spreading', 'peyotl', 'mojoday', 'ascended', 'nonattacking', '3', 'considering', 'knowledge', 'spiritual', 'maj', 'depicted', 'deaf', 'uproar', 'invite', 'converging', 'wtadza', 'lad']"
Morning from 'Peer Gynt',Edvard Grieg,Various Artists,spotify:track:4WGHQuR8gGRjAd5OjrqRHf,237960,0.159,0.0702,3,-18.946,1,0.0416,0.988,0.923,0.16,0.0349,141.409,
Kisses Back,Anthony Keyrouz,,spotify:track:6uzwiQa5FkiiHLyt7ENYc6,222630,0.788,0.63,4,-8.397,0,0.0331,0.255,2.08e-06,0.0828,0.755,123.984,
Better Together,Jack Johnson,,spotify:track:0rkzM1FJh4xWCTF1NwDGYN,207680,0.868,0.347,5,-9.529,1,0.0536,0.308,2e-05,0.11,0.659,110.059,"['time', 'one', 'id', 'gone', 'were', 'brings', 'still', 'ill', 'yeah', 'hard', 'scene', 'like', 'sleep', 'back', 'put', 'place', 'light', 'photograph', 'many', 'try', 'look', 'believe', 'night', 'sing', 'love', 'moment', 'sleeping', 'question', 'find', 'tonight', 'memory', 'no', 'got', 'so', 'better', 'shoebox', 'thing', 'answer', 'word', 'always', 'real', 'postcard', 'go', 'made', 'impression', 'here', 'might', 'new', 'deceiving', 'wa', 'say', 'together', 'morning', 'heart', 'come', 'wake', 'see', 'well', 'know', 'tell', 'sometimes', 'sit', 'loving', 'sings', 'easy', 'way', 'song', 'next', 'two', 'tomorrow', 'least', 'pretty', 'could', 'mango', 'beneath', 'combination', 'somewhere', 'theyll', 'day', 'tree', 'enough', 'mmm', 'sepiatoned', 'star', 'dream', 'life']"
Dust,Matt Simons,Betty Who,spotify:track:0gp6wPoPamLLwYup5Rimba,198480,0.659,0.588,1,-9.905,1,0.0469,0.151,0.000231,0.0918,0.574,92.037,"['fucked', 'late', 'one', 'erase', 'since', 'memory', 'im', 'settled', 'gone', 'wrong', 'u', 'come', 'got', 'far', 'calling', 'still', 'feel', 'hard', 'year', 'three', 'know', 'like', 'need', 'last', 'weak', 'cause', 'kick', 'you', 'would', 'thats', 'mind', 'always', 'called', 'away', 'part', 'hear', 'forgive', 'admit', 'many', 'bad', 'dust', 'holding', 'pain', 'lonely', 'long', 'there', 'living', 'two', 'ive', 'knew', 'happy', 'night', 'say']"
Guns Are Drawn,The Roots,Son Little,spotify:track:76tWml55YabjLsNPRwUfEF,315787,0.933,0.642,0,-4.012,1,0.167,0.0598,7.44e-06,0.096,0.701,97.123,"['favor', 'time', 'face', 'one', 'phone', 'gone', 'hearing', 'problem', 'begin', 'getting', 'still', 'yeah', 'drama', 'hard', 'depends', 'flavor', 'like', 'fight', 'former', 'various', 'another', 'would', 'greedy', 'fraud', 'wanna', 'page', 'high', 'sight', 'rhyme', 'cool', 'space', 'believe', 'mother', 'night', 'trying', 'inside', 'freely', 'greasy', 'already', 'gun', 'write', 'child', 'ex', 'lie', 'going', 'pull', 'me', 'escape', 'think', 'u', 'true', 'huh', 'pipe', 'got', 'better', 'finna', 'act', 'lot', 'war', 'round', 'dancing', 'often', 'fed', 'circle', 'middle', 'save', 'roulette', 'people', 'kinkos', 'drop', 'man', 'go', 'practicing', 'barrel', 'believing', 'might', 'eventually', 'revolving', 'read', 'under', 'transcend', 'say', 'shake', 'occupying', 'make', 'barbarian', 'military', 'fist', 'really', 'see', 'lost', 'bondage', 'stop', 'well', 'whats', 'know', 'goggles', 'tell', 'short', 'over', 'game', 'outrageous', 'thats', 'dumped', 'police', 'yall', 'easy', 'aint', 'began', 'even', 'ocean', 'behind', 'target', 'right', 'coffin', 'record', 'nothing', 'pager', 'holler', 'amount', 'could', 'brown', 'guess', 'every', 'drawn', 'fuel', 'stake', 'cant', 'get', 'break', 'pistol', 'waste', 'need', 'till', 'cause', 'day', 'atm', 'speak', 'state', 'up', 'major', 'cry', 'leaving', 'patriot', 'living', 'long', 'happening', 'running', 'on', 'life']"
The Seed (2.0),The Roots,Cody Chesnutt,spotify:track:1a6Jt6USVGKzbjYpcKMwPB,267933,0.758,0.957,7,-2.282,1,0.0357,0.039,0.0,0.133,0.966,111.119,"['old', 'whole', 'one', 'fall', 'keeping', 'for', 'im', 'fold', 'ton', 'taken', 'something', 'rattle', 'steal', 'show', 'lay', 'leave', 'hiphop', 'wing', 'yeah', 'lover', 'fact', 'work', 'rolling', 'ever', 'kick', 'son', 'world', 'back', 'learn', 'another', 'would', 'chrome', 'ice', 'street', 'burn', 'platinum', 'opposition', 'seed', 'standing', 'cool', 'whine', 'look', 'space', 'delivering', 'left', 'gun', 'monkey', 'test', 'push', 'bitch', 'enable', 'tonight', 'oh', 'no', 'roll', 'city', 'huh', 'baby', 'finna', 'sex', 'roam', 'lot', 'plan', 'naked', 'have', 'gaddang', 'ago', 'quick', 'want', 'drop', 'man', 'secret', 'ran', 'code', 'legacy', 'lick', 'bad', 'uh', 'here', 'room', 'gold', 'name', 'cadillac', 'ive', 'done', 'hold', 'knocked', 'cold', 'little', 'shake', 'imma', 'black', 'money', 'make', 'stone', 'scream', 'neosoul', 'bush', 'n', 'stop', 'played', 'pill', 'rocknroll', 'know', 'alive', 'listen', 'game', 'chest', 'mary', 'sit', 'flame', 'shit', 'girl', 'shine', 'heat', 'dear', 'changing', '9', 'mine', 'rich', 'way', 'began', 'calm', 'behind', 'beg', 'right', 'rock', 'told', 'fertilize', 'obstacle', 'watch', 'matter', 'thought', 'since', 'yous', 'ooh', 'allow', 'get', 'weighing', 'somewhere', 'pushing', 'break', 'never', 'need', 'root', 'ask', 'cause', 'day', 'gonna', 'month', 'keep', 'take', 'enough', 'deep', 'fool', 'legend', 'hand', 'much', 'heading', 'grow', 'down', 'spread', 'life', 'peep', 'pro']"
Kathy's Waltz,The Dave Brubeck Quartet,,spotify:track:3XfaSRXfGuWT1rrn9lWx30,287840,0.484,0.151,0,-18.622,0,0.0378,0.88,0.178,0.115,0.399,94.587,
"My Shot (feat. Busta Rhymes, Joell Ortiz & Nate Ruess) - Rise Up Remix",The Roots,Busta Rhymes,spotify:track:3ak8BzpcrFeLfiQnrmR5wJ,270748,0.578,0.965,10,-4.788,1,0.328,0.107,0.0,0.0984,0.456,94.076,"['twista', 'czar', 'barker', 'indeed', '60', '40', 'lumidee', 'kat', 'oli', 'doll', 'brownz', 'show', 'leave', 'carey', 'na', '30', 'bank', 'mop', 'aap', 'coast', 'purge', 'gimme', 'kelis', 'jadakiss', 'chris', 'yuuuu', 'put', 'ferg', 'bell', '46', '48', '1', 'east', 'zhané', '20', 'ace', '5', 'away', 'montana', 'breal', 'mavado', 'muhammad', 'everything', 'slay', 'rhyme', '15', 'look', 'ante', 'birdman', '16', 'ii', 'wailer', 'squad', 'lamar', 'yelawolf', 'jon', 'love', 'welcome', 'shoulder', 'french', 'fat', 'method', 'khaled', 'bigflo', 'park', 'bitch', 'feat', '24', 'tory', '38', 'hood', 'diddy', 'nate', 'xzibit', 'pussycat', 'got', '37', 'true', 'chant', 'woo', 'raw', 'busta', '18', 'dj', 'twerkit', 'war', 'turn', 'thank', 'redd', 'neon', 'big', 'flocka', 'kanye', 'let', 'cha', 'ludacris', 'kxng', 'osbourne', '45', 'second', 'mind', '17', 'want', 'remi', 'man', 'marley', '10', '27', 'go', 'dogg', 'part', 'made', 'master', 'run', 'elliott', 'uh', 'linkin', 'rowland', '28', 'martin', '13', 'cash', 'dave', 'lloyd', '41', 'trop', 'party', 'rob', 'cj', 'tpain', 'spliff', 'entertainment', '6', 'trippie', 'cent', 'biv', 'money', 'qtip', 'teflon', '21', 'make', 'bun', '12', '19', 'arab', '47', 'pharrell', '31', 'mariah', 'hitch', 'see', '25', '33', 'outta', 'kay', 'whats', '32', '49', '50', 'know', 'hustle', '36', '7', 'girlfriend', 'rick', 'game', 'anderson', 'shot', 'devil', 'minaj', 'happenin', 'flame', 'courvoisier', 'vite', 'west', '44', 'hah', 'mean', 'ça', '9', '8', 'eye', 'paul', 'beast', '2004', 'standard', 'calm', 'missy', 'joell', 'fard', '11', '39', 'lil', 'kartel', 'joe', 'rocky', 'jazo', 'jahsee', 'bob', 'holla', 'williams', 'kelly', 'pas', 'could', 'snoop', 'flipmode', 'upfire', 'brown', 'be', 'check', 'lanez', 'travis', 'starr', '42', 'waka', 'oooh', 'ross', '2', 'thugsnharmony', '26', '34', 'boomp', 'paak', 'crooked', 'kendrick', 'get', 'ron', '35', 'clap', '22', 'remains', 'never', 'break', 'bailey', 'b', 'rue', '4', 'root', 'gonna', 'deluna', 'demrick', 'ya', 'vybz', 'va', 'rastaman', 'remix', 'tech', 'janet', 'ortiz', '23', '43', 'sean', 'touch', 'carried', 'hand', 'n9ne', 'neck', '14', 'devoe', 'jackson', 'notorious', 'wayne', 'dirty', '3', 'victory', 'nicki', 'bone', 'ozzy', 'william', 'eminem', '29']"
Weird Fishes/ Arpeggi,Radiohead,,spotify:track:4Iyo50UoYhuuYORMLrGDci,318187,0.538,0.61,11,-8.027,0,0.0392,0.774,0.749,0.0909,0.199,152.999,"['fish', 'stay', 'fall', 'worm', 'id', 'hit', 'follow', 'escape', 'weird', 'deepest', 'chance', 'crazy', 'ill', 'yeah', 'get', 'turn', 'earth', 'i', 'everybody', 'sea', 'edge', 'out', 'lead', 'picked', 'way', 'eye', 'phantom', 'here', 'bottom', 'ocean', 'eaten', 'leaf']"
House Of Cards,Radiohead,,spotify:track:3Jc6X15OZCCyhGSHBF4hwB,328293,0.71,0.496,5,-9.638,1,0.0297,0.278,0.581,0.101,0.637,111.662,"['matter', 'fall', 'end', 'key', 'spike', 'table', 'house', 'swept', 'ill', 'kiss', 'burning', 'get', 'infrastructure', 'lover', 'throw', 'voltage', 'collapse', 'ear', 'wanna', 'denial', 'friend', 'mine', 'your', 'forget', 'good', 'husband', 'bowl', 'night', 'start', 'card']"
Johnny B. Goode,Chuck Berry,,spotify:track:2QfiRTz5Yc8DdShCxG1tB2,161560,0.534,0.803,10,-9.129,1,0.0743,0.741,6.07e-05,0.307,0.969,167.983,"['old', 'close', 'passing', 'play', 'evergreen', 'like', 'music', 'ever', 'maybe', 'back', 'would', 'boy', 'goode', 'bell', 'light', 'hear', 'my', 'engineer', 'many', 'saying', 'mother', 'stood', 'write', 'band', 'sack', 'tonight', 'track', 'someday', 'leader', 'oh', 'used', 'guitar', 'big', 'cabin', 'people', 'around', 'man', 'go', 'made', 'new', 'name', 'read', 'railroad', 'strumming', 'little', 'say', 'coming', 'sitting', 'lived', 'shade', 'rhythm', 'see', 'stop', 'well', 'sun', 'sit', 'way', 'learned', 'gunny', 'orleans', 'ringing', 'johnny', 'told', 'could', 'wood', 'log', 'beneath', 'driver', 'earth', 'never', 'b', 'louisiana', 'carry', 'tree', 'deep', 'mile', 'named', 'among', 'country']"
Seven Nation Army,The White Stripes,,spotify:track:3dPQuX8Gs42Y7b454ybpMR,231733,0.726,0.463,0,-7.828,1,0.0799,0.00817,0.447,0.255,0.321,123.881,"['find', 'bleed', 'time', 'blood', 'one', 'make', 'going', 'im', 'sweat', 'england', 'forevermore', 'got', 'every', 'far', 'lord', 'seven', 'em', 'story', 'taking', 'leave', 'ill', 'cant', 'opera', 'know', 'forth', 'fight', 'queen', 'single', 'tell', 'home', 'work', 'gonna', 'bleeding', 'back', 'word', 'drip', 'mind', 'thats', 'want', 'straw', 'message', 'feeling', 'aint', 'go', 'way', 'eye', 'hear', 'forget', 'talking', 'stain', 'army', 'theyre', 'hell', 'catch', 'everyone', 'alone', 'cigarette', 'night', 'behind', 'hold', 'wichita', 'nation', 'right', 'hound', 'say', 'rip', 'bone', 'coming', 'sing', 'pore', 'serve']"
